loaded c/c++ vs c/c++
round 0: bot 17 (team B) died: hit itself
running round 2/500 --  last: 432ms  eta: 3m35s  dragons: 9 vs 11
round 12: bot 16 (team B) died: lost a head-to-head
round 12: bot 51 (team B) died: lost a head-to-head
round 16: bot 45 (team B) died: hit another dragon
round 16: bot 94 (team B) died: hit another dragon
round 17: bot 73 (team B) died: hit another dragon
round 17: bot 93 (team B) died: hit itself
round 18: bot 91 (team B) died: hit another dragon
round 19: bot 65 (team B) died: hit a wall
round 19: bot 68 (team B) died: hit itself
round 20: bot 32 (team B) died: hit another dragon
round 20: bot 77 (team B) died: hit another dragon
round 21: bot 76 (team A) died: hit another dragon
round 22: bot 25 (team B) died: hit another dragon
round 22: bot 30 (team B) died: hit another dragon
round 23: bot 22 (team B) died: hit another dragon
round 23: bot 34 (team B) died: hit another dragon
round 23: bot 44 (team B) died: hit a wall
round 23: bot 50 (team B) died: hit another dragon
round 23: bot 64 (team B) died: hit another dragon
round 23: bot 113 (team B) died: hit itself
round 24: bot 6 (team A) died: hit itself
round 24: bot 63 (team B) died: hit another dragon
round 24: bot 87 (team A) died: hit another dragon
round 25: bot 67 (team B) died: hit itself
round 25: bot 80 (team B) died: hit another dragon
round 25: bot 84 (team B) died: hit itself
round 25: bot 99 (team B) died: hit itself
round 25: bot 114 (team B) died: hit another dragon
round 25: bot 116 (team B) died: hit another dragon
round 25: bot 126 (team B) died: hit another dragon
round 26: bot 43 (team B) died: hit itself
round 26: bot 61 (team B) died: hit another dragon
round 26: bot 105 (team B) died: hit another dragon
round 26: bot 124 (team B) died: hit another dragon
round 27: bot 27 (team B) died: hit itself
round 27: bot 55 (team B) died: hit another dragon
round 28: bot 15 (team A) died: hit itself
round 28: bot 102 (team B) died: lost a head-to-head
round 28: bot 57 (team B) died: lost a head-to-head
round 28: bot 109 (team A) died: hit another dragon
round 28: bot 111 (team B) died: hit another dragon
round 28: bot 122 (team B) died: hit another dragon
round 28: bot 129 (team B) died: hit itself
round 29: bot 19 (team B) died: hit another dragon
round 29: bot 101 (team B) died: hit another dragon
round 29: bot 117 (team B) died: hit another dragon
round 29: bot 133 (team A) died: hit itself
round 30: bot 5 (team B) died: hit itself
round 30: bot 9 (team B) died: hit itself
round 30: bot 82 (team B) died: hit another dragon
round 30: bot 136 (team A) died: lost a head-to-head
round 30: bot 121 (team A) died: lost a head-to-head
round 30: bot 141 (team B) died: hit itself
round 30: bot 142 (team A) died: hit itself
round 30: bot 154 (team B) died: hit another dragon
round 31: bot 11 (team B) died: hit itself
round 31: bot 26 (team A) died: hit another dragon
round 31: bot 28 (team A) died: hit another dragon
round 31: bot 140 (team A) died: hit another dragon
round 31: bot 155 (team B) died: hit itself
round 32: bot 14 (team B) died: hit itself
round 32: bot 62 (team B) died: hit a wall
round 32: bot 86 (team B) died: hit itself
round 32: bot 100 (team B) died: hit itself
round 32: bot 110 (team B) died: hit another dragon
round 32: bot 135 (team B) died: hit itself
round 32: bot 143 (team B) died: hit itself
round 32: bot 144 (team A) died: hit another dragon
round 32: bot 147 (team B) died: hit another dragon
round 33: bot 139 (team B) died: hit another dragon
round 33: bot 163 (team B) died: hit another dragon
round 34: bot 54 (team B) died: hit another dragon
round 34: bot 21 (team A) died: lost a head-to-head
round 34: bot 158 (team A) died: lost a head-to-head
round 35: bot 66 (team B) died: hit itself
round 35: bot 97 (team B) died: hit another dragon
round 35: bot 148 (team A) died: hit another dragon
round 35: bot 156 (team B) died: hit another dragon
round 35: bot 179 (team B) died: hit itself
round 36: bot 29 (team B) died: hit another dragon
round 36: bot 49 (team B) died: hit itself
round 36: bot 13 (team B) died: lost a head-to-head
round 36: bot 83 (team B) died: lost a head-to-head
round 36: bot 90 (team B) died: hit itself
round 36: bot 131 (team B) died: hit another dragon
round 36: bot 146 (team B) died: hit itself
round 36: bot 157 (team B) died: hit another dragon
round 36: bot 159 (team A) died: hit another dragon
round 36: bot 172 (team B) died: hit itself
round 37: bot 153 (team A) died: hit another dragon
round 37: bot 160 (team B) died: hit another dragon
round 37: bot 165 (team B) died: hit another dragon
round 37: bot 176 (team B) died: hit itself
round 37: bot 181 (team B) died: hit itself
round 37: bot 193 (team B) died: hit another dragon
round 38: bot 103 (team B) died: hit itself
round 38: bot 106 (team B) died: hit itself
round 38: bot 178 (team A) died: hit another dragon
round 38: bot 180 (team A) died: hit itself
round 39: bot 7 (team B) died: hit a wall
round 39: bot 125 (team B) died: hit itself
round 39: bot 175 (team A) died: hit another dragon
round 39: bot 183 (team B) died: hit another dragon
round 39: bot 196 (team B) died: lost a head-to-head
round 39: bot 189 (team B) died: lost a head-to-head
round 39: bot 204 (team A) died: hit another dragon
round 40: bot 47 (team B) died: hit another dragon
round 40: bot 104 (team B) died: hit itself
round 40: bot 149 (team A) died: hit another dragon
round 40: bot 197 (team B) died: hit itself
round 40: bot 203 (team B) died: hit itself
round 40: bot 205 (team B) died: hit another dragon
round 40: bot 209 (team B) died: hit itself
round 40: bot 210 (team B) died: hit itself
round 41: bot 168 (team B) died: lost a head-to-head
round 41: bot 130 (team B) died: lost a head-to-head
round 41: bot 173 (team A) died: hit itself
round 41: bot 190 (team B) died: hit itself
round 41: bot 194 (team A) died: hit another dragon
round 41: bot 217 (team B) died: hit another dragon
round 42: bot 98 (team B) died: lost a head-to-head
round 42: bot 1 (team B) died: lost a head-to-head
round 42: bot 118 (team A) died: hit another dragon
round 42: bot 35 (team B) died: lost a head-to-head
round 42: bot 182 (team B) died: lost a head-to-head
round 42: bot 191 (team B) died: hit another dragon
round 42: bot 215 (team B) died: hit itself
round 42: bot 218 (team A) died: hit itself
round 43: bot 24 (team B) died: hit another dragon
round 43: bot 69 (team B) died: hit another dragon
round 43: bot 195 (team A) died: hit itself
round 43: bot 207 (team A) died: hit another dragon
round 43: bot 214 (team B) died: hit itself
round 43: bot 231 (team B) died: lost a head-to-head
round 43: bot 224 (team B) died: lost a head-to-head
round 43: bot 232 (team B) died: hit another dragon
round 44: bot 127 (team B) died: hit another dragon
round 44: bot 184 (team B) died: hit itself
round 44: bot 192 (team B) died: hit another dragon
round 44: bot 233 (team B) died: hit another dragon
round 44: bot 244 (team A) died: hit another dragon
round 45: bot 150 (team B) died: hit another dragon
round 45: bot 201 (team A) died: hit another dragon
round 45: bot 202 (team B) died: hit another dragon
round 45: bot 219 (team B) died: hit another dragon
round 45: bot 242 (team A) died: hit another dragon
round 45: bot 245 (team B) died: hit itself
round 46: bot 59 (team B) died: hit itself
round 46: bot 212 (team B) died: lost a head-to-head
round 46: bot 81 (team B) died: lost a head-to-head
round 46: bot 134 (team B) died: hit itself
round 46: bot 164 (team B) died: hit another dragon
round 46: bot 169 (team B) died: hit another dragon
round 46: bot 238 (team B) died: lost a head-to-head
round 46: bot 186 (team B) died: lost a head-to-head
round 46: bot 208 (team B) died: hit itself
round 46: bot 216 (team A) died: hit another dragon
round 46: bot 229 (team B) died: hit another dragon
round 46: bot 247 (team B) died: hit another dragon
round 46: bot 253 (team B) died: hit itself
round 46: bot 260 (team B) died: hit another dragon
round 47: bot 230 (team A) died: hit another dragon
round 47: bot 254 (team B) died: hit another dragon
round 47: bot 128 (team B) died: lost a head-to-head
round 47: bot 259 (team B) died: lost a head-to-head
round 48: bot 56 (team B) died: lost a head-to-head
round 48: bot 95 (team B) died: lost a head-to-head
round 48: bot 161 (team B) died: hit another dragon
round 48: bot 198 (team B) died: hit another dragon
round 48: bot 222 (team A) died: hit another dragon
round 48: bot 243 (team A) died: hit another dragon
round 48: bot 248 (team B) died: hit another dragon
round 48: bot 267 (team A) died: hit itself
round 48: bot 251 (team B) died: lost a head-to-head
round 48: bot 277 (team B) died: lost a head-to-head
round 49: bot 2 (team A) died: hit another dragon
round 49: bot 23 (team A) died: hit itself
round 49: bot 221 (team B) died: hit another dragon
round 49: bot 228 (team A) died: hit another dragon
round 49: bot 258 (team B) died: hit another dragon
running round 51/500 --  last: 279ms  eta: 2m14s  dragons: 39 vs 63
round 50: bot 41 (team B) died: hit itself
round 50: bot 52 (team B) died: hit a wall
round 50: bot 120 (team B) died: hit another dragon
round 50: bot 273 (team B) died: lost a head-to-head
round 50: bot 199 (team B) died: lost a head-to-head
round 50: bot 200 (team A) died: hit another dragon
round 50: bot 227 (team B) died: hit itself
round 50: bot 236 (team B) died: hit itself
round 50: bot 249 (team A) died: hit another dragon
round 50: bot 250 (team B) died: hit itself
round 50: bot 268 (team B) died: hit itself
round 51: bot 188 (team B) died: hit another dragon
round 51: bot 266 (team A) died: hit a wall
round 51: bot 280 (team A) died: hit another dragon
round 51: bot 289 (team B) died: hit another dragon
round 51: bot 262 (team B) died: lost a head-to-head
round 51: bot 291 (team B) died: lost a head-to-head
round 51: bot 292 (team B) died: hit another dragon
round 52: bot 88 (team B) died: hit itself
round 52: bot 225 (team B) died: hit another dragon
round 52: bot 246 (team B) died: hit another dragon
round 52: bot 274 (team B) died: hit another dragon
round 52: bot 284 (team A) died: hit another dragon
round 52: bot 293 (team A) died: hit a wall
round 52: bot 299 (team B) died: hit itself
round 53: bot 92 (team B) died: hit another dragon
round 53: bot 123 (team B) died: hit itself
round 53: bot 145 (team B) died: hit another dragon
round 53: bot 300 (team B) died: hit another dragon
round 53: bot 306 (team B) died: hit itself
round 54: bot 261 (team B) died: hit itself
round 54: bot 296 (team A) died: hit a wall
round 55: bot 46 (team B) died: hit another dragon
round 55: bot 167 (team B) died: hit another dragon
round 55: bot 271 (team B) died: hit another dragon
round 55: bot 282 (team A) died: hit another dragon
round 55: bot 305 (team B) died: hit itself
round 56: bot 185 (team B) died: hit another dragon
round 56: bot 240 (team B) died: hit itself
round 56: bot 278 (team B) died: hit itself
round 56: bot 312 (team B) died: hit itself
round 56: bot 316 (team B) died: hit another dragon
round 57: bot 53 (team B) died: hit itself
round 57: bot 234 (team B) died: lost a head-to-head
round 57: bot 166 (team B) died: lost a head-to-head
round 57: bot 294 (team B) died: hit another dragon
round 57: bot 322 (team B) died: hit another dragon
round 57: bot 327 (team A) died: hit another dragon
round 58: bot 119 (team B) died: hit itself
round 58: bot 269 (team A) died: hit another dragon
round 58: bot 285 (team B) died: hit another dragon
round 58: bot 319 (team B) died: hit another dragon
round 58: bot 326 (team B) died: hit itself
round 59: bot 257 (team B) died: hit itself
round 59: bot 309 (team A) died: hit another dragon
round 59: bot 12 (team B) died: lost a head-to-head
round 59: bot 335 (team B) died: lost a head-to-head
round 60: bot 3 (team B) died: hit another dragon
round 60: bot 237 (team B) died: hit another dragon
round 60: bot 295 (team B) died: hit itself
round 60: bot 339 (team B) died: lost a head-to-head
round 60: bot 323 (team B) died: lost a head-to-head
round 60: bot 331 (team B) died: hit another dragon
round 61: bot 38 (team A) died: hit another dragon
round 61: bot 72 (team A) died: hit itself
round 61: bot 235 (team A) died: hit another dragon
round 61: bot 241 (team B) died: hit another dragon
round 61: bot 313 (team A) died: hit another dragon
round 61: bot 321 (team B) died: hit another dragon
round 62: bot 4 (team A) died: hit another dragon
round 62: bot 31 (team A) died: hit itself
round 62: bot 70 (team B) died: hit itself
round 62: bot 223 (team B) died: hit itself
round 62: bot 265 (team A) died: hit another dragon
round 62: bot 270 (team B) died: hit itself
round 62: bot 283 (team B) died: hit another dragon
round 62: bot 287 (team B) died: hit a wall
round 62: bot 308 (team B) died: hit another dragon
round 62: bot 347 (team A) died: hit another dragon
round 62: bot 349 (team B) died: hit another dragon
round 62: bot 350 (team A) died: hit another dragon
round 62: bot 351 (team A) died: hit itself
round 63: bot 96 (team B) died: hit itself
round 63: bot 115 (team B) died: hit another dragon
round 63: bot 187 (team B) died: hit another dragon
round 63: bot 304 (team B) died: hit another dragon
round 63: bot 314 (team B) died: lost a head-to-head
round 63: bot 324 (team B) died: lost a head-to-head
round 63: bot 333 (team A) died: hit another dragon
round 63: bot 362 (team B) died: hit another dragon
round 64: bot 40 (team A) died: hit another dragon
round 64: bot 85 (team A) died: hit another dragon
round 64: bot 162 (team B) died: hit another dragon
round 64: bot 220 (team B) died: hit itself
round 64: bot 252 (team B) died: hit itself
round 64: bot 317 (team B) died: lost a head-to-head
round 64: bot 307 (team B) died: lost a head-to-head
round 64: bot 328 (team B) died: hit another dragon
round 64: bot 279 (team B) died: lost a head-to-head
round 64: bot 329 (team B) died: lost a head-to-head
round 64: bot 355 (team A) died: hit itself
round 64: bot 356 (team A) died: hit another dragon
round 64: bot 359 (team A) died: hit another dragon
round 64: bot 381 (team B) died: hit itself
round 65: bot 108 (team B) died: hit another dragon
round 65: bot 174 (team B) died: hit another dragon
round 65: bot 239 (team B) died: lost a head-to-head
round 65: bot 213 (team B) died: lost a head-to-head
round 65: bot 288 (team B) died: hit another dragon
round 65: bot 318 (team B) died: hit another dragon
round 65: bot 379 (team A) died: lost a head-to-head
round 65: bot 337 (team A) died: lost a head-to-head
round 65: bot 344 (team A) died: hit another dragon
round 65: bot 357 (team A) died: hit another dragon
round 65: bot 394 (team B) died: hit itself
round 66: bot 151 (team B) died: hit itself
round 66: bot 358 (team A) died: hit another dragon
round 66: bot 365 (team B) died: lost a head-to-head
round 66: bot 387 (team B) died: lost a head-to-head
round 66: bot 396 (team A) died: hit another dragon
round 66: bot 332 (team B) died: lost a head-to-head
round 66: bot 397 (team B) died: lost a head-to-head
round 66: bot 399 (team B) died: hit itself
round 67: bot 170 (team A) died: hit itself
round 67: bot 409 (team A) died: lost a head-to-head
round 67: bot 276 (team A) died: lost a head-to-head
round 67: bot 310 (team A) died: hit another dragon
round 67: bot 315 (team B) died: hit itself
round 67: bot 325 (team B) died: hit itself
round 67: bot 368 (team B) died: lost a head-to-head
round 67: bot 361 (team B) died: lost a head-to-head
round 67: bot 370 (team A) died: hit another dragon
round 67: bot 374 (team A) died: hit another dragon
round 67: bot 389 (team A) died: hit another dragon
round 67: bot 391 (team B) died: hit another dragon
round 67: bot 405 (team A) died: hit another dragon
round 68: bot 60 (team A) died: hit another dragon
round 68: bot 320 (team B) died: hit itself
round 68: bot 340 (team A) died: hit another dragon
round 68: bot 352 (team B) died: hit itself
round 68: bot 360 (team A) died: hit another dragon
round 68: bot 364 (team B) died: hit itself
round 68: bot 371 (team B) died: hit another dragon
round 68: bot 392 (team A) died: hit another dragon
round 68: bot 414 (team A) died: hit another dragon
round 68: bot 416 (team B) died: hit another dragon
round 68: bot 430 (team B) died: hit another dragon
round 69: bot 378 (team A) died: lost a head-to-head
round 69: bot 171 (team A) died: lost a head-to-head
round 69: bot 211 (team A) died: hit itself
round 69: bot 281 (team B) died: hit another dragon
round 69: bot 354 (team A) died: hit another dragon
round 69: bot 393 (team A) died: hit another dragon
round 69: bot 401 (team B) died: hit itself
round 69: bot 411 (team B) died: hit another dragon
round 69: bot 412 (team A) died: hit itself
round 69: bot 427 (team B) died: hit another dragon
round 70: bot 36 (team A) died: hit another dragon
round 70: bot 152 (team A) died: hit itself
round 70: bot 311 (team B) died: hit another dragon
round 70: bot 366 (team B) died: hit another dragon
round 70: bot 382 (team A) died: hit another dragon
round 70: bot 388 (team B) died: hit another dragon
round 70: bot 404 (team B) died: hit another dragon
round 70: bot 408 (team A) died: hit another dragon
round 70: bot 429 (team B) died: hit another dragon
round 71: bot 255 (team B) died: hit itself
round 71: bot 272 (team B) died: hit itself
round 71: bot 301 (team B) died: hit itself
round 71: bot 418 (team B) died: hit another dragon
round 71: bot 422 (team B) died: hit another dragon
round 71: bot 434 (team A) died: hit another dragon
round 72: bot 39 (team A) died: hit another dragon
round 72: bot 132 (team B) died: hit itself
round 72: bot 298 (team B) died: hit another dragon
round 72: bot 376 (team B) died: hit itself
round 72: bot 415 (team A) died: hit itself
round 72: bot 417 (team A) died: hit another dragon
round 72: bot 426 (team A) died: hit another dragon
round 72: bot 435 (team A) died: hit another dragon
round 72: bot 446 (team B) died: hit itself
round 72: bot 454 (team B) died: hit another dragon
round 73: bot 138 (team B) died: hit another dragon
round 73: bot 343 (team B) died: hit another dragon
round 73: bot 385 (team B) died: hit another dragon
round 73: bot 442 (team A) died: hit another dragon
round 73: bot 448 (team B) died: hit another dragon
round 74: bot 275 (team B) died: hit itself
round 74: bot 330 (team A) died: hit itself
round 74: bot 334 (team B) died: hit another dragon
round 74: bot 375 (team B) died: hit itself
round 74: bot 450 (team A) died: hit another dragon
round 74: bot 456 (team A) died: hit another dragon
round 74: bot 462 (team B) died: hit itself
round 74: bot 467 (team B) died: hit another dragon
round 75: bot 33 (team A) died: hit another dragon
round 75: bot 42 (team A) died: hit another dragon
round 75: bot 363 (team B) died: lost a head-to-head
round 75: bot 226 (team B) died: lost a head-to-head
round 75: bot 297 (team B) died: hit itself
round 75: bot 373 (team B) died: hit another dragon
round 75: bot 421 (team B) died: hit another dragon
round 75: bot 432 (team B) died: hit another dragon
round 75: bot 437 (team B) died: hit another dragon
round 75: bot 459 (team A) died: hit another dragon
round 75: bot 473 (team A) died: hit itself
round 75: bot 476 (team A) died: hit another dragon
round 76: bot 424 (team B) died: hit another dragon
round 76: bot 439 (team B) died: hit another dragon
round 76: bot 443 (team B) died: hit itself
round 77: bot 10 (team A) died: hit another dragon
round 77: bot 89 (team B) died: hit itself
round 77: bot 377 (team B) died: hit another dragon
round 77: bot 407 (team A) died: hit itself
round 77: bot 423 (team A) died: hit another dragon
round 77: bot 484 (team A) died: hit another dragon
round 77: bot 506 (team B) died: hit itself
round 78: bot 177 (team B) died: hit itself
round 78: bot 402 (team A) died: hit another dragon
round 78: bot 440 (team A) died: hit another dragon
round 78: bot 455 (team A) died: hit itself
round 78: bot 464 (team A) died: hit itself
round 78: bot 475 (team A) died: hit itself
round 78: bot 485 (team A) died: hit another dragon
round 78: bot 505 (team B) died: hit itself
round 79: bot 256 (team B) died: hit another dragon
round 79: bot 502 (team B) died: lost a head-to-head
round 79: bot 345 (team B) died: lost a head-to-head
round 79: bot 367 (team B) died: hit another dragon
round 79: bot 507 (team A) died: lost a head-to-head
round 79: bot 369 (team A) died: lost a head-to-head
round 79: bot 390 (team B) died: hit another dragon
round 79: bot 460 (team A) died: hit another dragon
round 79: bot 466 (team B) died: hit another dragon
round 79: bot 481 (team A) died: hit another dragon
round 79: bot 486 (team A) died: hit another dragon
round 79: bot 516 (team A) died: hit itself
round 80: bot 48 (team A) died: hit another dragon
round 80: bot 78 (team A) died: hit itself
round 80: bot 336 (team A) died: hit another dragon
round 80: bot 433 (team B) died: hit another dragon
round 80: bot 468 (team A) died: hit another dragon
round 80: bot 479 (team B) died: hit itself
round 80: bot 501 (team A) died: hit another dragon
round 80: bot 509 (team A) died: hit another dragon
round 80: bot 518 (team B) died: hit another dragon
round 81: bot 395 (team B) died: hit another dragon
round 81: bot 403 (team A) died: hit another dragon
round 81: bot 445 (team B) died: hit another dragon
round 81: bot 477 (team A) died: hit another dragon
round 81: bot 480 (team B) died: hit itself
round 81: bot 487 (team A) died: hit another dragon
round 81: bot 493 (team B) died: hit another dragon
round 81: bot 510 (team A) died: hit another dragon
round 81: bot 517 (team B) died: hit another dragon
round 81: bot 543 (team B) died: hit another dragon
round 82: bot 20 (team A) died: hit another dragon
round 82: bot 206 (team B) died: hit another dragon
round 82: bot 372 (team B) died: hit another dragon
round 82: bot 419 (team B) died: hit itself
round 82: bot 463 (team B) died: hit itself
round 82: bot 515 (team A) died: hit another dragon
round 82: bot 536 (team B) died: hit another dragon
round 82: bot 537 (team A) died: hit itself
round 83: bot 441 (team B) died: hit itself
round 83: bot 514 (team A) died: hit another dragon
round 83: bot 527 (team A) died: hit itself
round 83: bot 546 (team B) died: hit another dragon
round 83: bot 556 (team A) died: hit itself
round 84: bot 383 (team B) died: hit another dragon
round 84: bot 438 (team B) died: hit another dragon
round 84: bot 457 (team B) died: hit another dragon
round 84: bot 470 (team B) died: hit another dragon
round 84: bot 472 (team A) died: hit another dragon
round 84: bot 499 (team A) died: hit another dragon
round 84: bot 504 (team A) died: hit another dragon
round 84: bot 541 (team B) died: hit itself
round 84: bot 549 (team B) died: hit another dragon
round 84: bot 554 (team A) died: hit another dragon
round 85: bot 569 (team A) died: lost a head-to-head
round 85: bot 74 (team A) died: lost a head-to-head
round 85: bot 410 (team A) died: hit itself
round 85: bot 420 (team B) died: hit another dragon
round 85: bot 478 (team B) died: hit another dragon
round 85: bot 508 (team A) died: hit itself
round 85: bot 542 (team A) died: hit another dragon
round 85: bot 544 (team A) died: hit another dragon
round 85: bot 550 (team A) died: hit another dragon
round 85: bot 572 (team B) died: lost a head-to-head
round 85: bot 559 (team B) died: lost a head-to-head
round 86: bot 302 (team B) died: hit another dragon
round 86: bot 452 (team B) died: hit itself
round 86: bot 471 (team B) died: hit another dragon
round 86: bot 526 (team A) died: lost a head-to-head
round 86: bot 498 (team A) died: lost a head-to-head
round 86: bot 500 (team B) died: hit another dragon
round 86: bot 533 (team A) died: hit another dragon
round 86: bot 548 (team B) died: hit another dragon
round 86: bot 560 (team B) died: hit another dragon
round 86: bot 561 (team A) died: hit itself
round 86: bot 573 (team B) died: hit itself
round 86: bot 586 (team B) died: hit another dragon
round 87: bot 8 (team A) died: hit another dragon
round 87: bot 348 (team B) died: hit another dragon
round 87: bot 380 (team A) died: hit another dragon
round 87: bot 428 (team A) died: hit another dragon
round 87: bot 436 (team A) died: hit another dragon
round 87: bot 482 (team B) died: hit itself
round 87: bot 497 (team A) died: hit itself
round 87: bot 503 (team B) died: hit itself
round 87: bot 524 (team A) died: hit itself
round 87: bot 551 (team A) died: hit another dragon
round 87: bot 579 (team A) died: hit itself
round 88: bot 303 (team B) died: hit itself
round 88: bot 453 (team B) died: hit itself
round 88: bot 565 (team B) died: lost a head-to-head
round 88: bot 465 (team B) died: lost a head-to-head
round 88: bot 513 (team A) died: hit another dragon
round 88: bot 545 (team B) died: hit itself
round 88: bot 568 (team A) died: hit another dragon
round 88: bot 594 (team B) died: hit another dragon
round 88: bot 494 (team B) died: lost a head-to-head
round 88: bot 595 (team B) died: lost a head-to-head
round 89: bot 386 (team B) died: hit another dragon
round 89: bot 444 (team B) died: hit another dragon
round 89: bot 519 (team A) died: hit another dragon
round 89: bot 558 (team A) died: hit another dragon
round 89: bot 567 (team A) died: hit itself
round 89: bot 585 (team B) died: hit itself
round 89: bot 593 (team B) died: hit another dragon
round 90: bot 529 (team A) died: hit another dragon
round 90: bot 540 (team B) died: hit itself
round 90: bot 581 (team B) died: hit another dragon
round 90: bot 591 (team A) died: hit itself
round 91: bot 346 (team B) died: hit itself
round 91: bot 458 (team B) died: hit another dragon
round 91: bot 512 (team B) died: hit another dragon
round 91: bot 566 (team B) died: hit another dragon
round 91: bot 574 (team B) died: hit another dragon
round 91: bot 575 (team A) died: hit a wall
round 91: bot 576 (team A) died: hit another dragon
round 92: bot 447 (team B) died: hit itself
round 92: bot 557 (team A) died: hit itself
round 92: bot 607 (team A) died: hit itself
round 92: bot 621 (team A) died: hit a wall
round 92: bot 624 (team B) died: hit itself
round 92: bot 627 (team B) died: hit itself
round 93: bot 290 (team B) died: hit itself
round 93: bot 483 (team A) died: hit another dragon
round 93: bot 491 (team B) died: hit another dragon
round 93: bot 511 (team B) died: hit itself
round 93: bot 587 (team A) died: hit itself
round 93: bot 588 (team A) died: hit itself
round 93: bot 596 (team B) died: hit another dragon
round 93: bot 601 (team B) died: hit another dragon
round 93: bot 608 (team B) died: hit itself
round 93: bot 630 (team B) died: hit another dragon
round 93: bot 631 (team A) died: hit itself
round 93: bot 645 (team B) died: hit another dragon
round 94: bot 521 (team B) died: hit another dragon
round 94: bot 525 (team B) died: hit another dragon
round 94: bot 538 (team B) died: hit itself
round 94: bot 570 (team B) died: hit another dragon
round 94: bot 592 (team B) died: hit another dragon
round 94: bot 632 (team A) died: hit itself
round 94: bot 638 (team B) died: hit a wall
round 94: bot 648 (team A) died: hit itself
round 94: bot 651 (team B) died: hit itself
round 94: bot 530 (team B) died: lost a head-to-head
round 94: bot 652 (team B) died: lost a head-to-head
round 95: bot 18 (team A) died: hit another dragon
round 95: bot 112 (team A) died: hit itself
round 95: bot 555 (team A) died: hit another dragon
round 95: bot 578 (team A) died: hit another dragon
round 95: bot 656 (team B) died: lost a head-to-head
round 95: bot 580 (team B) died: lost a head-to-head
round 95: bot 603 (team B) died: hit itself
round 95: bot 610 (team B) died: hit another dragon
round 95: bot 629 (team A) died: hit itself
round 95: bot 658 (team A) died: hit another dragon
round 96: bot 563 (team A) died: lost a head-to-head
round 96: bot 406 (team B) died: lost a head-to-head
round 96: bot 598 (team A) died: hit another dragon
round 96: bot 639 (team B) died: hit another dragon
round 96: bot 650 (team B) died: hit itself
round 96: bot 661 (team B) died: hit another dragon
round 96: bot 666 (team B) died: hit another dragon
round 96: bot 675 (team B) died: hit another dragon
round 97: bot 449 (team B) died: hit another dragon
round 97: bot 520 (team B) died: hit another dragon
round 97: bot 604 (team A) died: hit another dragon
round 97: bot 636 (team A) died: hit itself
round 97: bot 641 (team A) died: hit itself
round 97: bot 649 (team B) died: hit itself
round 97: bot 659 (team A) died: hit itself
round 98: bot 37 (team B) died: hit another dragon
round 98: bot 264 (team B) died: hit another dragon
round 98: bot 341 (team B) died: hit another dragon
round 98: bot 469 (team B) died: hit another dragon
round 98: bot 613 (team A) died: hit another dragon
round 98: bot 614 (team A) died: hit itself
round 98: bot 634 (team A) died: hit another dragon
round 98: bot 637 (team A) died: hit itself
round 98: bot 660 (team A) died: hit another dragon
round 98: bot 678 (team A) died: lost a head-to-head
round 98: bot 673 (team A) died: lost a head-to-head
round 98: bot 674 (team A) died: hit itself
round 99: bot 474 (team A) died: hit itself
round 99: bot 488 (team B) died: hit itself
round 99: bot 492 (team A) died: hit itself
round 99: bot 605 (team B) died: hit another dragon
round 99: bot 606 (team A) died: hit itself
round 99: bot 647 (team A) died: hit another dragon
round 99: bot 655 (team A) died: hit another dragon
round 99: bot 677 (team A) died: hit another dragon
round 99: bot 633 (team A) died: lost a head-to-head
round 99: bot 679 (team B) died: lost a head-to-head
running round 101/500 --  last: 452ms  eta: 3m23s  dragons: 52 vs 64
round 100: bot 58 (team A) died: hit itself
round 100: bot 353 (team B) died: hit another dragon
round 100: bot 495 (team B) died: hit itself
round 100: bot 531 (team A) died: hit another dragon
round 100: bot 552 (team B) died: hit another dragon
round 100: bot 564 (team B) died: hit itself
round 100: bot 615 (team B) died: hit itself
round 100: bot 620 (team B) died: hit another dragon
round 100: bot 664 (team B) died: hit another dragon
round 100: bot 668 (team A) died: hit another dragon
round 100: bot 689 (team A) died: hit another dragon
round 100: bot 703 (team A) died: hit another dragon
round 100: bot 708 (team B) died: hit another dragon
round 101: bot 425 (team B) died: hit another dragon
round 101: bot 431 (team A) died: hit another dragon
round 101: bot 532 (team B) died: hit itself
round 101: bot 597 (team B) died: hit another dragon
round 101: bot 635 (team A) died: hit itself
round 101: bot 663 (team B) died: hit another dragon
round 101: bot 686 (team A) died: hit another dragon
round 101: bot 528 (team A) died: lost a head-to-head
round 101: bot 696 (team A) died: lost a head-to-head
round 101: bot 698 (team A) died: hit another dragon
round 101: bot 710 (team A) died: hit itself
round 102: bot 107 (team A) died: hit another dragon
round 102: bot 400 (team B) died: hit itself
round 102: bot 654 (team B) died: lost a head-to-head
round 102: bot 539 (team B) died: lost a head-to-head
round 102: bot 461 (team B) died: lost a head-to-head
round 102: bot 589 (team B) died: lost a head-to-head
round 102: bot 622 (team A) died: hit another dragon
round 102: bot 688 (team A) died: hit itself
round 102: bot 690 (team A) died: hit itself
round 102: bot 702 (team A) died: hit itself
round 102: bot 711 (team A) died: hit another dragon
round 102: bot 712 (team A) died: hit itself
round 102: bot 720 (team B) died: hit itself
round 102: bot 726 (team A) died: hit another dragon
round 102: bot 728 (team B) died: hit another dragon
round 102: bot 733 (team A) died: hit another dragon
round 103: bot 451 (team A) died: hit another dragon
round 103: bot 584 (team B) died: hit another dragon
round 103: bot 706 (team B) died: hit itself
round 103: bot 707 (team A) died: hit another dragon
round 103: bot 747 (team B) died: hit itself
round 104: bot 79 (team A) died: hit itself
round 104: bot 338 (team B) died: hit itself
round 104: bot 577 (team A) died: hit another dragon
round 104: bot 583 (team A) died: hit another dragon
round 104: bot 600 (team B) died: hit another dragon
round 104: bot 398 (team B) died: lost a head-to-head
round 104: bot 611 (team B) died: lost a head-to-head
round 104: bot 665 (team A) died: hit another dragon
round 104: bot 667 (team B) died: hit itself
round 104: bot 694 (team B) died: hit another dragon
round 104: bot 697 (team B) died: hit another dragon
round 104: bot 700 (team A) died: hit itself
round 104: bot 709 (team A) died: hit another dragon
round 104: bot 715 (team A) died: hit another dragon
round 104: bot 736 (team A) died: hit another dragon
round 104: bot 740 (team B) died: hit itself
round 104: bot 755 (team B) died: lost a head-to-head
round 104: bot 759 (team B) died: lost a head-to-head
round 105: bot 496 (team B) died: hit itself
round 105: bot 547 (team B) died: hit another dragon
round 105: bot 618 (team B) died: hit itself
round 105: bot 623 (team A) died: hit another dragon
round 105: bot 642 (team B) died: hit another dragon
round 105: bot 653 (team A) died: hit another dragon
round 105: bot 699 (team A) died: hit another dragon
round 105: bot 704 (team B) died: hit another dragon
round 105: bot 724 (team A) died: hit itself
round 105: bot 725 (team A) died: hit another dragon
round 105: bot 727 (team B) died: hit another dragon
round 105: bot 735 (team A) died: hit another dragon
round 105: bot 738 (team A) died: hit another dragon
round 105: bot 762 (team B) died: hit another dragon
round 105: bot 730 (team A) died: lost a head-to-head
round 105: bot 764 (team A) died: lost a head-to-head
round 105: bot 769 (team B) died: hit another dragon
round 106: bot 71 (team A) died: hit itself
round 106: bot 384 (team B) died: hit another dragon
round 106: bot 522 (team B) died: hit itself
round 106: bot 723 (team A) died: hit another dragon
round 106: bot 739 (team A) died: hit another dragon
round 106: bot 756 (team A) died: hit another dragon
round 106: bot 781 (team A) died: hit another dragon
round 107: bot 685 (team B) died: hit another dragon
round 107: bot 695 (team B) died: hit itself
round 107: bot 737 (team A) died: hit another dragon
round 107: bot 746 (team A) died: hit another dragon
round 107: bot 752 (team A) died: hit another dragon
round 107: bot 757 (team A) died: hit itself
round 107: bot 774 (team A) died: hit another dragon
round 107: bot 776 (team A) died: hit another dragon
round 107: bot 798 (team A) died: lost a head-to-head
round 107: bot 787 (team A) died: lost a head-to-head
round 108: bot 617 (team B) died: hit itself
round 108: bot 602 (team B) died: lost a head-to-head
round 108: bot 657 (team B) died: lost a head-to-head
round 108: bot 676 (team A) died: hit another dragon
round 108: bot 680 (team B) died: hit another dragon
round 108: bot 705 (team A) died: hit another dragon
round 108: bot 714 (team B) died: hit another dragon
round 108: bot 719 (team B) died: hit itself
round 108: bot 779 (team B) died: hit another dragon
round 108: bot 804 (team A) died: hit another dragon
round 108: bot 681 (team B) died: lost a head-to-head
round 108: bot 813 (team B) died: lost a head-to-head
round 109: bot 619 (team A) died: hit another dragon
round 109: bot 626 (team B) died: hit itself
round 109: bot 643 (team B) died: hit itself
round 109: bot 662 (team B) died: hit another dragon
round 109: bot 682 (team B) died: hit itself
round 109: bot 721 (team A) died: hit another dragon
round 109: bot 743 (team B) died: hit itself
round 109: bot 749 (team A) died: hit another dragon
round 109: bot 753 (team A) died: hit another dragon
round 109: bot 754 (team A) died: hit another dragon
round 109: bot 758 (team B) died: hit another dragon
round 109: bot 768 (team A) died: hit another dragon
round 109: bot 772 (team A) died: hit itself
round 109: bot 790 (team A) died: hit another dragon
round 109: bot 803 (team A) died: hit another dragon
round 109: bot 825 (team B) died: hit another dragon
round 109: bot 832 (team B) died: hit itself
round 110: bot 535 (team A) died: hit another dragon
round 110: bot 687 (team A) died: hit another dragon
round 110: bot 692 (team A) died: hit itself
round 110: bot 693 (team B) died: hit itself
round 110: bot 722 (team B) died: hit another dragon
round 110: bot 732 (team B) died: hit itself
round 110: bot 766 (team A) died: hit itself
round 110: bot 773 (team A) died: hit another dragon
round 110: bot 809 (team A) died: hit another dragon
round 110: bot 816 (team B) died: hit another dragon
round 111: bot 489 (team B) died: hit itself
round 111: bot 744 (team B) died: hit another dragon
round 111: bot 770 (team A) died: hit another dragon
round 111: bot 775 (team B) died: hit itself
round 111: bot 830 (team A) died: lost a head-to-head
round 111: bot 788 (team A) died: lost a head-to-head
round 111: bot 805 (team B) died: hit itself
round 111: bot 819 (team A) died: hit another dragon
round 111: bot 834 (team B) died: hit another dragon
round 111: bot 852 (team B) died: hit another dragon
round 112: bot 599 (team A) died: hit another dragon
round 112: bot 734 (team B) died: hit itself
round 112: bot 792 (team B) died: hit another dragon
round 112: bot 820 (team A) died: lost a head-to-head
round 112: bot 800 (team A) died: lost a head-to-head
round 112: bot 817 (team A) died: hit another dragon
round 112: bot 827 (team A) died: hit another dragon
round 112: bot 858 (team A) died: hit another dragon
round 112: bot 871 (team B) died: hit another dragon
round 112: bot 879 (team A) died: hit itself
round 113: bot 490 (team B) died: hit itself
round 113: bot 582 (team B) died: hit itself
round 113: bot 628 (team B) died: hit another dragon
round 113: bot 671 (team A) died: hit another dragon
round 113: bot 826 (team A) died: lost a head-to-head
round 113: bot 771 (team A) died: lost a head-to-head
round 113: bot 823 (team A) died: hit another dragon
round 113: bot 845 (team B) died: hit itself
round 113: bot 863 (team A) died: hit another dragon
round 113: bot 864 (team A) died: hit another dragon
round 113: bot 859 (team A) died: lost a head-to-head
round 113: bot 875 (team A) died: lost a head-to-head
round 113: bot 887 (team B) died: hit another dragon
round 114: bot 0 (team A) died: hit another dragon
round 114: bot 684 (team B) died: hit itself
round 114: bot 748 (team B) died: hit itself
round 114: bot 765 (team B) died: hit another dragon
round 114: bot 782 (team B) died: hit itself
round 114: bot 848 (team A) died: hit another dragon
round 114: bot 849 (team A) died: hit another dragon
round 114: bot 793 (team B) died: lost a head-to-head
round 114: bot 873 (team B) died: lost a head-to-head
round 114: bot 880 (team A) died: hit another dragon
round 115: bot 669 (team B) died: lost a head-to-head
round 115: bot 523 (team B) died: lost a head-to-head
round 115: bot 562 (team A) died: hit another dragon
round 115: bot 625 (team B) died: hit itself
round 115: bot 646 (team B) died: hit itself
round 115: bot 751 (team B) died: hit another dragon
round 115: bot 763 (team A) died: hit itself
round 115: bot 815 (team B) died: hit itself
round 115: bot 857 (team B) died: hit another dragon
round 115: bot 876 (team A) died: hit itself
round 115: bot 891 (team B) died: lost a head-to-head
round 115: bot 881 (team B) died: lost a head-to-head
round 115: bot 900 (team A) died: hit another dragon
round 116: bot 413 (team A) died: hit another dragon
round 116: bot 741 (team B) died: hit another dragon
round 116: bot 784 (team B) died: hit another dragon
round 116: bot 797 (team A) died: hit another dragon
round 116: bot 829 (team B) died: hit another dragon
round 116: bot 846 (team A) died: hit itself
round 116: bot 860 (team A) died: hit another dragon
round 116: bot 865 (team A) died: hit another dragon
round 116: bot 884 (team B) died: hit itself
round 116: bot 890 (team A) died: hit itself
round 116: bot 898 (team A) died: hit itself
round 116: bot 908 (team B) died: hit itself
round 116: bot 867 (team B) died: lost a head-to-head
round 116: bot 913 (team B) died: lost a head-to-head
round 116: bot 919 (team B) died: hit itself
round 117: bot 761 (team B) died: hit itself
round 117: bot 731 (team B) died: lost a head-to-head
round 117: bot 795 (team B) died: lost a head-to-head
round 117: bot 802 (team A) died: hit another dragon
round 117: bot 818 (team B) died: hit itself
round 117: bot 853 (team A) died: hit another dragon
round 117: bot 877 (team A) died: hit itself
round 117: bot 882 (team B) died: hit another dragon
round 117: bot 892 (team A) died: hit another dragon
round 117: bot 897 (team B) died: hit another dragon
round 117: bot 916 (team A) died: hit another dragon
round 117: bot 925 (team A) died: lost a head-to-head
round 117: bot 923 (team A) died: lost a head-to-head
round 117: bot 930 (team B) died: hit another dragon
round 118: bot 553 (team B) died: hit another dragon
round 118: bot 713 (team A) died: hit another dragon
round 118: bot 777 (team A) died: hit another dragon
round 118: bot 783 (team B) died: hit another dragon
round 118: bot 789 (team B) died: hit another dragon
round 118: bot 840 (team A) died: hit another dragon
round 118: bot 927 (team B) died: hit another dragon
round 118: bot 933 (team A) died: hit another dragon
round 118: bot 943 (team B) died: hit another dragon
round 119: bot 609 (team B) died: hit itself
round 119: bot 893 (team B) died: hit a wall
round 119: bot 914 (team B) died: hit itself
round 119: bot 922 (team A) died: hit another dragon
round 119: bot 926 (team B) died: hit itself
round 119: bot 931 (team A) died: hit itself
round 119: bot 941 (team B) died: hit another dragon
round 119: bot 942 (team B) died: hit another dragon
round 120: bot 137 (team B) died: hit another dragon
round 120: bot 801 (team A) died: hit another dragon
round 120: bot 808 (team A) died: hit another dragon
round 120: bot 836 (team A) died: hit another dragon
round 120: bot 841 (team B) died: hit another dragon
round 120: bot 924 (team A) died: lost a head-to-head
round 120: bot 888 (team A) died: lost a head-to-head
round 120: bot 901 (team A) died: hit another dragon
round 120: bot 909 (team B) died: hit another dragon
round 120: bot 912 (team A) died: hit another dragon
round 121: bot 903 (team B) died: hit itself
round 121: bot 906 (team B) died: hit another dragon
round 121: bot 938 (team A) died: hit another dragon
round 122: bot 640 (team B) died: hit another dragon
round 122: bot 691 (team B) died: hit another dragon
round 122: bot 729 (team A) died: hit itself
round 122: bot 837 (team B) died: hit itself
round 122: bot 872 (team A) died: lost a head-to-head
round 122: bot 889 (team A) died: lost a head-to-head
round 122: bot 915 (team B) died: hit another dragon
round 122: bot 977 (team B) died: lost a head-to-head
round 122: bot 929 (team B) died: lost a head-to-head
round 122: bot 985 (team A) died: hit itself
round 123: bot 894 (team B) died: hit another dragon
round 123: bot 935 (team A) died: lost a head-to-head
round 123: bot 946 (team A) died: lost a head-to-head
round 123: bot 947 (team B) died: hit itself
round 123: bot 954 (team A) died: hit itself
round 123: bot 957 (team A) died: hit another dragon
round 123: bot 960 (team B) died: hit itself
round 123: bot 965 (team A) died: hit itself
round 123: bot 973 (team B) died: hit itself
round 123: bot 981 (team B) died: hit another dragon
round 124: bot 590 (team A) died: hit itself
round 124: bot 672 (team B) died: hit itself
round 124: bot 742 (team B) died: hit itself
round 124: bot 785 (team B) died: hit itself
round 124: bot 812 (team B) died: hit itself
round 124: bot 828 (team B) died: hit itself
round 124: bot 844 (team B) died: hit another dragon
round 124: bot 854 (team B) died: hit itself
round 124: bot 866 (team B) died: hit another dragon
round 124: bot 885 (team A) died: hit another dragon
round 124: bot 905 (team B) died: hit another dragon
round 124: bot 940 (team A) died: hit another dragon
round 124: bot 949 (team B) died: hit another dragon
round 124: bot 964 (team A) died: hit itself
round 124: bot 996 (team B) died: hit another dragon
round 124: bot 999 (team B) died: hit another dragon
round 125: bot 263 (team A) died: hit another dragon
round 125: bot 571 (team A) died: hit another dragon
round 125: bot 644 (team B) died: hit itself
round 125: bot 718 (team B) died: hit itself
round 125: bot 910 (team A) died: hit another dragon
round 125: bot 918 (team B) died: hit another dragon
round 125: bot 967 (team A) died: hit another dragon
round 125: bot 978 (team A) died: hit itself
round 125: bot 831 (team B) died: lost a head-to-head
round 125: bot 1001 (team B) died: lost a head-to-head
round 126: bot 760 (team B) died: hit another dragon
round 126: bot 778 (team A) died: hit itself
round 126: bot 993 (team A) died: lost a head-to-head
round 126: bot 799 (team A) died: lost a head-to-head
round 126: bot 1000 (team B) died: lost a head-to-head
round 126: bot 814 (team B) died: lost a head-to-head
round 126: bot 966 (team A) died: lost a head-to-head
round 126: bot 883 (team B) died: lost a head-to-head
round 126: bot 928 (team B) died: hit another dragon
round 126: bot 950 (team A) died: hit another dragon
round 126: bot 951 (team A) died: hit itself
round 126: bot 956 (team B) died: hit another dragon
round 126: bot 1022 (team B) died: hit itself
round 127: bot 838 (team B) died: hit itself
round 127: bot 843 (team B) died: hit another dragon
round 127: bot 944 (team B) died: hit another dragon
round 127: bot 968 (team A) died: hit itself
round 127: bot 988 (team B) died: hit itself
round 127: bot 991 (team A) died: hit another dragon
round 127: bot 994 (team B) died: hit itself
round 127: bot 1003 (team B) died: hit itself
round 127: bot 1037 (team B) died: hit itself
round 128: bot 786 (team B) died: hit another dragon
round 128: bot 796 (team A) died: hit itself
round 128: bot 842 (team B) died: hit another dragon
round 128: bot 847 (team A) died: hit another dragon
round 128: bot 850 (team A) died: hit another dragon
round 128: bot 855 (team A) died: hit itself
round 128: bot 856 (team B) died: hit itself
round 128: bot 902 (team B) died: hit itself
round 128: bot 953 (team A) died: hit another dragon
round 128: bot 972 (team B) died: hit a wall
round 128: bot 1008 (team B) died: hit another dragon
round 128: bot 1016 (team A) died: hit itself
round 128: bot 1011 (team B) died: lost a head-to-head
round 128: bot 1030 (team B) died: lost a head-to-head
round 128: bot 1033 (team A) died: hit itself
round 129: bot 822 (team A) died: hit a wall
round 129: bot 839 (team A) died: hit itself
round 129: bot 1010 (team B) died: hit another dragon
round 129: bot 1034 (team B) died: hit itself
round 129: bot 1038 (team A) died: hit another dragon
round 130: bot 670 (team B) died: hit itself
round 130: bot 824 (team A) died: hit another dragon
round 130: bot 917 (team B) died: hit another dragon
round 130: bot 936 (team B) died: hit another dragon
round 130: bot 998 (team B) died: lost a head-to-head
round 130: bot 963 (team B) died: lost a head-to-head
round 130: bot 1057 (team A) died: lost a head-to-head
round 130: bot 990 (team A) died: lost a head-to-head
round 130: bot 1020 (team A) died: hit another dragon
round 130: bot 1025 (team B) died: hit itself
round 130: bot 1028 (team B) died: hit itself
round 130: bot 1032 (team B) died: hit itself
round 130: bot 1045 (team B) died: hit another dragon
round 130: bot 1054 (team A) died: hit another dragon
round 130: bot 1065 (team A) died: hit itself
round 130: bot 1076 (team B) died: hit itself
round 131: bot 899 (team A) died: hit another dragon
round 131: bot 921 (team A) died: hit another dragon
round 131: bot 961 (team B) died: hit another dragon
round 131: bot 975 (team A) died: hit itself
round 131: bot 1013 (team B) died: hit another dragon
round 131: bot 1018 (team A) died: hit itself
round 131: bot 1077 (team B) died: lost a head-to-head
round 131: bot 1063 (team B) died: lost a head-to-head
round 131: bot 1066 (team B) died: hit another dragon
round 131: bot 1075 (team B) died: hit itself
round 132: bot 997 (team B) died: hit another dragon
round 132: bot 1007 (team B) died: hit itself
round 132: bot 1044 (team B) died: hit another dragon
round 132: bot 1052 (team A) died: hit another dragon
round 132: bot 1061 (team A) died: hit another dragon
round 132: bot 1068 (team B) died: hit another dragon
round 133: bot 767 (team B) died: hit another dragon
round 133: bot 717 (team B) died: lost a head-to-head
round 133: bot 934 (team B) died: lost a head-to-head
round 133: bot 945 (team B) died: hit another dragon
round 133: bot 958 (team B) died: hit itself
round 133: bot 974 (team B) died: hit another dragon
round 133: bot 986 (team B) died: hit another dragon
round 133: bot 1036 (team A) died: hit another dragon
round 133: bot 1085 (team A) died: hit itself
round 134: bot 1027 (team B) died: hit another dragon
round 134: bot 1039 (team A) died: hit another dragon
round 134: bot 1041 (team B) died: hit itself
round 134: bot 1070 (team A) died: hit another dragon
round 134: bot 1072 (team A) died: hit itself
round 134: bot 1082 (team B) died: hit itself
round 134: bot 1089 (team A) died: hit another dragon
round 134: bot 1096 (team B) died: hit another dragon
round 134: bot 1042 (team B) died: lost a head-to-head
round 134: bot 1107 (team B) died: lost a head-to-head
round 134: bot 1111 (team A) died: hit itself
round 135: bot 745 (team A) died: hit itself
round 135: bot 701 (team A) died: lost a head-to-head
round 135: bot 937 (team B) died: lost a head-to-head
round 135: bot 980 (team B) died: hit itself
round 135: bot 983 (team A) died: hit another dragon
round 135: bot 1067 (team B) died: hit itself
round 135: bot 1086 (team B) died: hit another dragon
round 135: bot 1090 (team B) died: hit another dragon
round 135: bot 1097 (team B) died: hit another dragon
round 135: bot 1109 (team A) died: hit another dragon
round 135: bot 1121 (team B) died: hit another dragon
round 136: bot 896 (team B) died: hit itself
round 136: bot 952 (team B) died: hit another dragon
round 136: bot 920 (team A) died: lost a head-to-head
round 136: bot 959 (team B) died: lost a head-to-head
round 136: bot 1002 (team A) died: hit itself
round 136: bot 1101 (team A) died: hit another dragon
round 136: bot 1124 (team B) died: hit itself
round 136: bot 1133 (team A) died: hit another dragon
round 137: bot 794 (team B) died: hit itself
round 137: bot 868 (team A) died: hit another dragon
round 137: bot 976 (team A) died: hit itself
round 137: bot 1014 (team A) died: hit another dragon
round 137: bot 1100 (team A) died: hit itself
round 137: bot 1120 (team A) died: hit another dragon
round 137: bot 1128 (team B) died: hit another dragon
round 138: bot 821 (team A) died: hit another dragon
round 138: bot 971 (team B) died: hit itself
round 138: bot 1004 (team B) died: hit itself
round 138: bot 1024 (team B) died: hit itself
round 138: bot 1029 (team A) died: hit itself
round 138: bot 1074 (team B) died: hit another dragon
round 138: bot 1084 (team B) died: hit itself
round 138: bot 1104 (team A) died: hit another dragon
round 138: bot 1141 (team A) died: hit another dragon
round 139: bot 286 (team B) died: hit another dragon
round 139: bot 780 (team B) died: hit another dragon
round 139: bot 904 (team A) died: hit another dragon
round 139: bot 1015 (team A) died: hit itself
round 139: bot 1031 (team A) died: hit another dragon
round 139: bot 1092 (team B) died: hit another dragon
round 139: bot 1105 (team A) died: hit itself
round 139: bot 1106 (team B) died: hit another dragon
round 139: bot 1151 (team B) died: lost a head-to-head
round 139: bot 1114 (team B) died: lost a head-to-head
round 139: bot 1136 (team A) died: hit itself
round 139: bot 1139 (team A) died: hit another dragon
round 139: bot 1153 (team B) died: hit itself
round 139: bot 1156 (team B) died: hit another dragon
round 140: bot 932 (team B) died: hit another dragon
round 140: bot 970 (team A) died: hit itself
round 140: bot 992 (team B) died: hit itself
round 140: bot 1113 (team B) died: hit another dragon
round 140: bot 1122 (team B) died: hit itself
round 140: bot 1126 (team B) died: hit itself
round 140: bot 1132 (team A) died: hit another dragon
round 140: bot 1157 (team B) died: hit itself
round 140: bot 1159 (team B) died: hit another dragon
round 141: bot 907 (team B) died: hit itself
round 141: bot 989 (team A) died: hit another dragon
round 141: bot 1006 (team A) died: hit another dragon
round 141: bot 1080 (team A) died: hit itself
round 141: bot 1102 (team A) died: hit itself
round 141: bot 1144 (team B) died: hit another dragon
round 141: bot 1148 (team A) died: hit another dragon
round 141: bot 1152 (team B) died: hit another dragon
round 141: bot 1163 (team B) died: hit another dragon
round 142: bot 342 (team A) died: hit itself
round 142: bot 851 (team B) died: hit itself
round 142: bot 895 (team A) died: hit another dragon
round 142: bot 948 (team B) died: hit itself
round 142: bot 1019 (team A) died: hit itself
round 142: bot 1108 (team A) died: hit another dragon
round 142: bot 1115 (team B) died: hit another dragon
round 142: bot 1178 (team A) died: lost a head-to-head
round 142: bot 1164 (team A) died: lost a head-to-head
round 142: bot 716 (team B) died: lost a head-to-head
round 142: bot 1172 (team B) died: lost a head-to-head
round 142: bot 1179 (team B) died: hit itself
round 143: bot 810 (team A) died: hit itself
round 143: bot 979 (team B) died: hit another dragon
round 143: bot 1040 (team B) died: hit another dragon
round 143: bot 1050 (team B) died: hit itself
round 143: bot 1158 (team A) died: lost a head-to-head
round 143: bot 1130 (team A) died: lost a head-to-head
round 143: bot 1167 (team B) died: hit another dragon
round 143: bot 1170 (team A) died: hit itself
round 143: bot 1181 (team A) died: hit another dragon
round 144: bot 1021 (team B) died: hit itself
round 144: bot 1088 (team B) died: hit another dragon
round 144: bot 1098 (team B) died: hit itself
round 144: bot 1110 (team A) died: hit another dragon
round 144: bot 1131 (team A) died: hit another dragon
round 144: bot 1135 (team B) died: hit itself
round 144: bot 1140 (team A) died: hit another dragon
round 144: bot 1207 (team B) died: lost a head-to-head
round 144: bot 1142 (team B) died: lost a head-to-head
round 144: bot 1180 (team A) died: hit another dragon
round 145: bot 835 (team A) died: hit another dragon
round 145: bot 1026 (team B) died: hit another dragon
round 145: bot 1053 (team A) died: hit another dragon
round 145: bot 1103 (team A) died: hit another dragon
round 145: bot 1184 (team A) died: hit another dragon
round 145: bot 1190 (team A) died: hit another dragon
round 145: bot 1193 (team B) died: hit another dragon
round 146: bot 1012 (team B) died: hit another dragon
round 146: bot 1146 (team B) died: hit another dragon
round 146: bot 1162 (team A) died: hit itself
round 146: bot 1183 (team B) died: hit another dragon
round 146: bot 1196 (team B) died: hit another dragon
round 147: bot 791 (team A) died: hit itself
round 147: bot 962 (team A) died: hit itself
round 147: bot 1005 (team B) died: hit another dragon
round 147: bot 1046 (team A) died: hit itself
round 147: bot 1059 (team A) died: hit itself
round 147: bot 1123 (team A) died: hit another dragon
round 147: bot 1129 (team B) died: hit another dragon
round 147: bot 1138 (team A) died: hit another dragon
round 147: bot 1154 (team A) died: hit another dragon
round 147: bot 1175 (team B) died: hit itself
round 147: bot 1212 (team A) died: hit itself
round 147: bot 1223 (team A) died: hit another dragon
round 148: bot 982 (team A) died: hit itself
round 148: bot 1049 (team B) died: hit another dragon
round 148: bot 1069 (team B) died: hit another dragon
round 148: bot 1127 (team A) died: hit another dragon
round 148: bot 1147 (team B) died: hit itself
round 148: bot 1168 (team B) died: hit another dragon
round 148: bot 1189 (team A) died: hit another dragon
round 148: bot 1191 (team A) died: hit another dragon
round 148: bot 1208 (team B) died: hit another dragon
round 148: bot 1211 (team A) died: hit another dragon
round 148: bot 1233 (team B) died: hit another dragon
round 148: bot 1235 (team A) died: hit itself
round 149: bot 534 (team A) died: hit another dragon
round 149: bot 616 (team A) died: hit another dragon
round 149: bot 833 (team B) died: hit itself
round 149: bot 870 (team A) died: hit another dragon
round 149: bot 1055 (team B) died: hit another dragon
round 149: bot 1094 (team B) died: hit itself
round 149: bot 911 (team B) died: lost a head-to-head
round 149: bot 1116 (team B) died: lost a head-to-head
round 149: bot 1125 (team B) died: hit itself
round 149: bot 1155 (team B) died: hit another dragon
round 149: bot 1187 (team A) died: hit another dragon
round 149: bot 1200 (team A) died: hit itself
round 149: bot 1205 (team B) died: hit another dragon
round 149: bot 1221 (team A) died: hit another dragon
round 149: bot 1244 (team B) died: hit another dragon
round 149: bot 1257 (team B) died: hit another dragon
running round 151/500 --  last: 781ms  eta: 3m17s  dragons: 64 vs 62
round 150: bot 75 (team A) died: hit another dragon
round 150: bot 995 (team A) died: hit another dragon
round 150: bot 1048 (team B) died: hit another dragon
round 150: bot 1201 (team A) died: hit itself
round 150: bot 1232 (team A) died: hit another dragon
round 150: bot 1237 (team A) died: hit another dragon
round 150: bot 1238 (team A) died: hit another dragon
round 150: bot 1266 (team A) died: hit another dragon
round 151: bot 811 (team A) died: hit itself
round 151: bot 955 (team B) died: hit a wall
round 151: bot 1071 (team A) died: hit another dragon
round 151: bot 1083 (team B) died: lost a head-to-head
round 151: bot 1078 (team B) died: lost a head-to-head
round 151: bot 1093 (team B) died: hit itself
round 151: bot 1118 (team A) died: hit another dragon
round 151: bot 1169 (team B) died: hit itself
round 151: bot 1192 (team B) died: hit itself
round 151: bot 1204 (team A) died: hit itself
round 151: bot 1234 (team A) died: hit another dragon
round 151: bot 1239 (team B) died: hit another dragon
round 151: bot 1243 (team A) died: hit another dragon
round 151: bot 1248 (team A) died: hit another dragon
round 151: bot 1268 (team B) died: hit itself
round 152: bot 750 (team A) died: hit another dragon
round 152: bot 1051 (team B) died: hit itself
round 152: bot 1058 (team B) died: hit itself
round 152: bot 1112 (team B) died: hit another dragon
round 152: bot 1171 (team A) died: hit another dragon
round 152: bot 1258 (team B) died: hit itself
round 152: bot 1263 (team A) died: hit another dragon
round 152: bot 1264 (team A) died: hit another dragon
round 152: bot 1274 (team A) died: hit itself
round 152: bot 1293 (team B) died: hit another dragon
round 152: bot 1295 (team B) died: hit another dragon
round 153: bot 612 (team B) died: hit another dragon
round 153: bot 1091 (team A) died: hit another dragon
round 153: bot 1095 (team B) died: hit another dragon
round 153: bot 1216 (team B) died: hit itself
round 153: bot 1228 (team A) died: hit another dragon
round 153: bot 1249 (team B) died: hit another dragon
round 153: bot 1275 (team B) died: hit itself
round 153: bot 1280 (team A) died: hit itself
round 153: bot 1304 (team A) died: hit another dragon
round 154: bot 1056 (team B) died: hit another dragon
round 154: bot 1194 (team A) died: hit another dragon
round 154: bot 1197 (team B) died: hit itself
round 154: bot 1206 (team B) died: hit another dragon
round 154: bot 1229 (team B) died: hit itself
round 154: bot 1277 (team B) died: hit another dragon
round 154: bot 1278 (team A) died: hit itself
round 154: bot 1282 (team B) died: hit another dragon
round 154: bot 1300 (team A) died: hit another dragon
round 154: bot 1301 (team B) died: hit another dragon
round 155: bot 869 (team A) died: hit another dragon
round 155: bot 1185 (team B) died: hit itself
round 155: bot 1314 (team A) died: lost a head-to-head
round 155: bot 1283 (team A) died: lost a head-to-head
round 155: bot 1286 (team A) died: hit another dragon
round 155: bot 1321 (team A) died: lost a head-to-head
round 155: bot 1308 (team A) died: lost a head-to-head
round 156: bot 939 (team B) died: hit another dragon
round 156: bot 1209 (team B) died: hit itself
round 156: bot 1214 (team A) died: hit itself
round 156: bot 1222 (team B) died: hit itself
round 156: bot 1262 (team A) died: hit another dragon
round 156: bot 1302 (team A) died: hit another dragon
round 156: bot 1309 (team A) died: hit another dragon
round 156: bot 1312 (team B) died: hit another dragon
round 157: bot 1087 (team B) died: hit itself
round 157: bot 1217 (team B) died: hit itself
round 157: bot 1231 (team B) died: hit itself
round 157: bot 1250 (team B) died: hit itself
round 157: bot 1251 (team A) died: hit another dragon
round 157: bot 1322 (team A) died: hit itself
round 158: bot 1079 (team B) died: hit itself
round 158: bot 1202 (team B) died: hit itself
round 158: bot 1265 (team B) died: hit itself
round 158: bot 1272 (team A) died: hit another dragon
round 158: bot 1311 (team B) died: hit itself
round 158: bot 1317 (team A) died: hit another dragon
round 159: bot 807 (team B) died: hit itself
round 159: bot 1174 (team A) died: hit another dragon
round 159: bot 1247 (team A) died: hit another dragon
round 159: bot 1256 (team B) died: hit another dragon
round 159: bot 1290 (team A) died: hit another dragon
round 159: bot 1303 (team B) died: hit another dragon
round 159: bot 1344 (team B) died: hit another dragon
round 160: bot 1062 (team A) died: hit another dragon
round 160: bot 1186 (team B) died: hit itself
round 160: bot 1254 (team B) died: hit itself
round 160: bot 1305 (team A) died: hit another dragon
round 160: bot 1336 (team A) died: hit itself
round 161: bot 1060 (team B) died: hit itself
round 161: bot 1145 (team B) died: hit another dragon
round 161: bot 1230 (team A) died: hit itself
round 161: bot 1242 (team B) died: hit itself
round 161: bot 1267 (team B) died: hit another dragon
round 161: bot 1298 (team B) died: hit another dragon
round 161: bot 1329 (team B) died: lost a head-to-head
round 161: bot 1316 (team B) died: lost a head-to-head
round 161: bot 1318 (team A) died: hit itself
round 161: bot 1328 (team B) died: hit another dragon
round 161: bot 1339 (team A) died: hit another dragon
round 161: bot 1359 (team B) died: hit another dragon
round 162: bot 1017 (team B) died: hit another dragon
round 162: bot 1137 (team A) died: hit itself
round 162: bot 1143 (team B) died: hit itself
round 162: bot 1195 (team B) died: hit itself
round 162: bot 1252 (team B) died: hit another dragon
round 162: bot 1289 (team B) died: hit another dragon
round 162: bot 1292 (team B) died: hit itself
round 162: bot 1320 (team B) died: hit a wall
round 162: bot 1330 (team A) died: hit itself
round 162: bot 1350 (team A) died: hit another dragon
round 162: bot 1352 (team A) died: hit another dragon
round 162: bot 1355 (team B) died: hit another dragon
round 162: bot 1362 (team B) died: hit another dragon
round 162: bot 1369 (team A) died: hit itself
round 163: bot 1009 (team A) died: hit another dragon
round 163: bot 1281 (team B) died: hit itself
round 163: bot 1288 (team A) died: hit another dragon
round 163: bot 1310 (team B) died: hit itself
round 163: bot 1364 (team B) died: lost a head-to-head
round 163: bot 1333 (team B) died: lost a head-to-head
round 163: bot 1346 (team A) died: hit another dragon
round 163: bot 1349 (team A) died: hit another dragon
round 163: bot 1372 (team B) died: lost a head-to-head
round 163: bot 1360 (team B) died: lost a head-to-head
round 163: bot 1385 (team A) died: hit another dragon
round 163: bot 1117 (team B) died: lost a head-to-head
round 163: bot 1391 (team B) died: lost a head-to-head
round 164: bot 806 (team A) died: hit itself
round 164: bot 1246 (team B) died: hit itself
round 164: bot 1269 (team A) died: hit another dragon
round 164: bot 1284 (team B) died: hit itself
round 164: bot 1358 (team A) died: hit itself
round 164: bot 1380 (team A) died: hit itself
round 165: bot 1023 (team B) died: hit itself
round 165: bot 1220 (team A) died: hit itself
round 165: bot 1357 (team A) died: hit itself
round 165: bot 1370 (team B) died: hit another dragon
round 165: bot 1387 (team B) died: hit itself
round 165: bot 1407 (team B) died: hit another dragon
round 165: bot 1408 (team A) died: hit another dragon
round 166: bot 1073 (team B) died: hit another dragon
round 166: bot 1177 (team A) died: hit itself
round 166: bot 1215 (team A) died: hit another dragon
round 166: bot 1296 (team B) died: hit another dragon
round 166: bot 1323 (team A) died: hit itself
round 166: bot 1327 (team A) died: hit itself
round 166: bot 1353 (team B) died: hit another dragon
round 167: bot 862 (team A) died: hit another dragon
round 167: bot 1270 (team A) died: hit another dragon
round 167: bot 1294 (team A) died: hit itself
round 167: bot 1324 (team A) died: hit another dragon
round 167: bot 1401 (team A) died: lost a head-to-head
round 167: bot 1348 (team B) died: lost a head-to-head
round 167: bot 1363 (team B) died: hit another dragon
round 167: bot 1210 (team B) died: lost a head-to-head
round 167: bot 1394 (team B) died: lost a head-to-head
round 167: bot 1398 (team A) died: hit another dragon
round 167: bot 1416 (team B) died: hit another dragon
round 167: bot 1198 (team B) died: lost a head-to-head
round 167: bot 1423 (team B) died: lost a head-to-head
round 168: bot 1182 (team B) died: hit another dragon
round 168: bot 1236 (team A) died: hit another dragon
round 168: bot 1291 (team B) died: hit another dragon
round 168: bot 1351 (team B) died: hit another dragon
round 168: bot 1426 (team A) died: lost a head-to-head
round 168: bot 1393 (team A) died: lost a head-to-head
round 168: bot 1404 (team B) died: hit another dragon
round 168: bot 1425 (team A) died: lost a head-to-head
round 168: bot 1405 (team A) died: lost a head-to-head
round 169: bot 1306 (team B) died: hit another dragon
round 169: bot 1361 (team A) died: hit another dragon
round 169: bot 1365 (team B) died: hit another dragon
round 169: bot 1378 (team B) died: hit another dragon
round 169: bot 1418 (team A) died: hit itself
round 169: bot 1427 (team B) died: hit another dragon
round 169: bot 1431 (team A) died: hit another dragon
round 169: bot 1434 (team B) died: hit another dragon
round 169: bot 1436 (team A) died: hit another dragon
round 169: bot 1440 (team B) died: hit another dragon
round 169: bot 1445 (team A) died: hit itself
round 169: bot 1446 (team A) died: hit itself
round 170: bot 1134 (team B) died: hit another dragon
round 170: bot 1173 (team B) died: hit another dragon
round 170: bot 1354 (team B) died: hit another dragon
round 170: bot 1389 (team B) died: hit another dragon
round 170: bot 1402 (team A) died: hit another dragon
round 170: bot 1412 (team A) died: hit another dragon
round 170: bot 1417 (team A) died: hit another dragon
round 170: bot 1377 (team B) died: lost a head-to-head
round 170: bot 1420 (team B) died: lost a head-to-head
round 170: bot 1437 (team A) died: hit another dragon
round 170: bot 1444 (team A) died: hit another dragon
round 170: bot 1452 (team A) died: hit another dragon
round 171: bot 1081 (team B) died: hit another dragon
round 171: bot 1279 (team B) died: hit itself
round 171: bot 1337 (team B) died: hit another dragon
round 171: bot 1381 (team A) died: hit itself
round 171: bot 1403 (team A) died: hit another dragon
round 171: bot 1435 (team A) died: hit itself
round 171: bot 1449 (team B) died: hit another dragon
round 171: bot 1451 (team B) died: hit another dragon
round 171: bot 1453 (team B) died: hit a wall
round 171: bot 1458 (team B) died: hit itself
round 172: bot 984 (team A) died: hit another dragon
round 172: bot 1199 (team A) died: hit another dragon
round 172: bot 1241 (team B) died: hit itself
round 172: bot 1255 (team A) died: hit another dragon
round 172: bot 1261 (team A) died: hit another dragon
round 172: bot 1331 (team B) died: hit another dragon
round 172: bot 1429 (team B) died: hit another dragon
round 172: bot 1463 (team A) died: hit another dragon
round 172: bot 1465 (team B) died: hit itself
round 173: bot 861 (team A) died: hit another dragon
round 173: bot 1160 (team B) died: hit another dragon
round 173: bot 1259 (team A) died: lost a head-to-head
round 173: bot 1260 (team B) died: lost a head-to-head
round 173: bot 1395 (team B) died: hit another dragon
round 173: bot 1456 (team A) died: hit another dragon
round 174: bot 1470 (team B) died: lost a head-to-head
round 174: bot 1047 (team B) died: lost a head-to-head
round 174: bot 1307 (team A) died: hit another dragon
round 174: bot 1379 (team A) died: hit itself
round 174: bot 1432 (team B) died: hit another dragon
round 174: bot 1462 (team A) died: hit itself
round 174: bot 1469 (team A) died: hit itself
round 174: bot 1473 (team B) died: hit another dragon
round 174: bot 1488 (team B) died: hit itself
round 175: bot 1430 (team B) died: lost a head-to-head
round 175: bot 1386 (team B) died: lost a head-to-head
round 175: bot 1415 (team A) died: hit itself
round 175: bot 1441 (team B) died: hit itself
round 175: bot 1447 (team B) died: hit another dragon
round 175: bot 1460 (team A) died: hit another dragon
round 175: bot 1471 (team B) died: hit itself
round 175: bot 1486 (team A) died: hit itself
round 176: bot 683 (team A) died: hit itself
round 176: bot 1161 (team B) died: hit another dragon
round 176: bot 1226 (team A) died: hit itself
round 176: bot 1227 (team A) died: hit another dragon
round 176: bot 1366 (team B) died: hit itself
round 176: bot 1478 (team A) died: hit another dragon
round 176: bot 1479 (team A) died: hit another dragon
round 176: bot 1493 (team A) died: hit another dragon
round 176: bot 1500 (team B) died: hit another dragon
round 177: bot 1166 (team A) died: hit itself
round 177: bot 1276 (team B) died: hit another dragon
round 177: bot 1299 (team B) died: hit itself
round 177: bot 1371 (team B) died: hit another dragon
round 177: bot 1419 (team B) died: hit another dragon
round 177: bot 1505 (team A) died: lost a head-to-head
round 177: bot 1421 (team A) died: lost a head-to-head
round 177: bot 1461 (team A) died: hit another dragon
round 177: bot 1474 (team B) died: hit itself
round 177: bot 1480 (team B) died: hit another dragon
round 177: bot 1507 (team B) died: hit itself
round 178: bot 1219 (team A) died: hit another dragon
round 178: bot 1345 (team B) died: hit another dragon
round 178: bot 1410 (team B) died: hit another dragon
round 178: bot 1448 (team B) died: hit itself
round 178: bot 1485 (team A) died: hit another dragon
round 178: bot 1508 (team B) died: hit another dragon
round 178: bot 1525 (team A) died: hit itself
round 178: bot 1528 (team B) died: hit another dragon
round 179: bot 1203 (team A) died: hit another dragon
round 179: bot 1313 (team B) died: hit itself
round 179: bot 1340 (team B) died: hit another dragon
round 179: bot 1390 (team B) died: hit another dragon
round 179: bot 1406 (team B) died: hit itself
round 179: bot 1422 (team A) died: hit another dragon
round 179: bot 1428 (team B) died: hit another dragon
round 179: bot 1442 (team B) died: hit another dragon
round 179: bot 1489 (team A) died: hit itself
round 179: bot 1494 (team B) died: hit another dragon
round 179: bot 1495 (team B) died: hit another dragon
round 179: bot 1484 (team B) died: lost a head-to-head
round 179: bot 1512 (team A) died: lost a head-to-head
round 179: bot 1527 (team B) died: hit itself
round 179: bot 1531 (team A) died: hit itself
round 179: bot 1545 (team B) died: hit another dragon
round 180: bot 1376 (team B) died: hit another dragon
round 180: bot 1413 (team A) died: hit another dragon
round 180: bot 1454 (team A) died: hit another dragon
round 180: bot 1510 (team A) died: hit another dragon
round 181: bot 1149 (team A) died: hit itself
round 181: bot 1218 (team B) died: hit itself
round 181: bot 1424 (team B) died: hit itself
round 181: bot 1546 (team A) died: hit itself
round 181: bot 1550 (team B) died: hit itself
round 181: bot 1552 (team A) died: hit another dragon
round 181: bot 1553 (team B) died: hit another dragon
round 181: bot 1558 (team A) died: hit itself
round 182: bot 1043 (team A) died: hit another dragon
round 182: bot 1224 (team B) died: hit itself
round 182: bot 1396 (team A) died: hit another dragon
round 182: bot 1400 (team B) died: hit itself
round 182: bot 1240 (team A) died: lost a head-to-head
round 182: bot 1491 (team A) died: lost a head-to-head
round 182: bot 1511 (team B) died: hit another dragon
round 182: bot 1520 (team B) died: hit another dragon
round 182: bot 1537 (team A) died: hit another dragon
round 182: bot 1562 (team B) died: hit another dragon
round 183: bot 886 (team A) died: hit another dragon
round 183: bot 1319 (team B) died: hit itself
round 183: bot 1397 (team B) died: hit itself
round 183: bot 1409 (team B) died: hit another dragon
round 183: bot 1513 (team A) died: hit another dragon
round 183: bot 1516 (team B) died: hit itself
round 183: bot 1521 (team A) died: hit another dragon
round 183: bot 1539 (team B) died: hit itself
round 183: bot 1544 (team A) died: hit itself
round 184: bot 1245 (team A) died: hit itself
round 184: bot 1341 (team B) died: hit another dragon
round 184: bot 1392 (team A) died: hit another dragon
round 184: bot 1433 (team B) died: hit another dragon
round 184: bot 1439 (team A) died: hit another dragon
round 184: bot 1569 (team B) died: lost a head-to-head
round 184: bot 1477 (team B) died: lost a head-to-head
round 184: bot 1498 (team B) died: hit another dragon
round 184: bot 1523 (team A) died: hit itself
round 184: bot 1538 (team B) died: hit another dragon
round 184: bot 1541 (team A) died: hit another dragon
round 184: bot 1547 (team B) died: hit another dragon
round 184: bot 1580 (team B) died: hit itself
round 185: bot 1253 (team B) died: hit another dragon
round 185: bot 1335 (team B) died: hit another dragon
round 185: bot 1382 (team A) died: hit another dragon
round 185: bot 1467 (team A) died: hit another dragon
round 185: bot 1501 (team B) died: hit another dragon
round 185: bot 1504 (team A) died: hit another dragon
round 185: bot 1535 (team B) died: hit another dragon
round 185: bot 1567 (team B) died: hit itself
round 185: bot 1568 (team A) died: hit another dragon
round 186: bot 1119 (team B) died: hit itself
round 186: bot 1165 (team A) died: hit another dragon
round 186: bot 1334 (team B) died: hit another dragon
round 186: bot 1466 (team A) died: hit another dragon
round 186: bot 1490 (team A) died: hit another dragon
round 186: bot 1540 (team A) died: hit another dragon
round 186: bot 1566 (team A) died: hit another dragon
round 186: bot 1571 (team A) died: hit another dragon
round 186: bot 1584 (team B) died: hit another dragon
round 187: bot 1482 (team B) died: hit another dragon
round 187: bot 1534 (team A) died: hit itself
round 187: bot 1561 (team A) died: hit another dragon
round 187: bot 1573 (team A) died: hit another dragon
round 187: bot 1576 (team B) died: hit another dragon
round 187: bot 1588 (team B) died: hit another dragon
round 187: bot 1591 (team A) died: hit another dragon
round 188: bot 1064 (team A) died: hit itself
round 188: bot 1497 (team B) died: hit another dragon
round 188: bot 1555 (team A) died: hit itself
round 188: bot 1599 (team A) died: hit another dragon
round 188: bot 1600 (team A) died: hit itself
round 189: bot 1297 (team B) died: hit another dragon
round 189: bot 1530 (team B) died: hit another dragon
round 189: bot 1577 (team A) died: hit another dragon
round 190: bot 987 (team A) died: hit another dragon
round 190: bot 1315 (team B) died: hit another dragon
round 190: bot 1342 (team B) died: hit itself
round 190: bot 1399 (team B) died: hit itself
round 190: bot 1464 (team B) died: hit itself
round 190: bot 1518 (team B) died: hit another dragon
round 190: bot 1526 (team B) died: hit another dragon
round 190: bot 1548 (team B) died: hit another dragon
round 190: bot 1611 (team A) died: hit another dragon
round 190: bot 1614 (team B) died: hit itself
round 190: bot 1621 (team A) died: hit another dragon
round 191: bot 1383 (team B) died: hit another dragon
round 191: bot 1487 (team B) died: hit itself
round 191: bot 1626 (team A) died: hit another dragon
round 191: bot 1630 (team B) died: hit another dragon
round 191: bot 969 (team A) died: lost a head-to-head
round 191: bot 1635 (team A) died: lost a head-to-head
round 191: bot 1642 (team A) died: hit another dragon
round 192: bot 1502 (team B) died: hit another dragon
round 192: bot 1602 (team A) died: hit itself
round 192: bot 1605 (team A) died: hit another dragon
round 192: bot 1636 (team A) died: hit another dragon
round 193: bot 1035 (team A) died: hit itself
round 193: bot 1150 (team A) died: hit another dragon
round 193: bot 1188 (team B) died: hit another dragon
round 193: bot 1273 (team A) died: hit itself
round 193: bot 1374 (team B) died: hit itself
round 193: bot 1414 (team B) died: hit another dragon
round 193: bot 1476 (team A) died: hit itself
round 193: bot 1503 (team A) died: hit another dragon
round 193: bot 1515 (team B) died: hit itself
round 193: bot 1592 (team B) died: hit itself
round 193: bot 1619 (team A) died: hit another dragon
round 193: bot 1637 (team B) died: hit another dragon
round 193: bot 1645 (team B) died: hit itself
round 193: bot 1658 (team A) died: hit itself
round 194: bot 1338 (team A) died: hit another dragon
round 194: bot 1343 (team A) died: hit another dragon
round 194: bot 1368 (team A) died: hit itself
round 194: bot 1375 (team B) died: hit itself
round 194: bot 1472 (team B) died: hit itself
round 194: bot 1549 (team B) died: hit another dragon
round 194: bot 1632 (team B) died: hit another dragon
round 194: bot 1643 (team B) died: hit itself
round 194: bot 1644 (team A) died: hit another dragon
round 195: bot 1455 (team B) died: hit itself
round 195: bot 1517 (team A) died: hit another dragon
round 195: bot 1542 (team B) died: hit another dragon
round 195: bot 1556 (team A) died: hit another dragon
round 195: bot 1604 (team B) died: hit another dragon
round 195: bot 1640 (team A) died: hit another dragon
round 195: bot 1659 (team A) died: hit itself
round 195: bot 1660 (team B) died: hit another dragon
round 196: bot 1356 (team A) died: hit itself
round 196: bot 1443 (team A) died: hit itself
round 196: bot 1475 (team B) died: hit another dragon
round 196: bot 1524 (team B) died: hit itself
round 196: bot 1578 (team A) died: hit another dragon
round 196: bot 1589 (team B) died: hit another dragon
round 196: bot 1598 (team B) died: hit itself
round 196: bot 1638 (team B) died: hit another dragon
round 196: bot 1639 (team A) died: hit itself
round 196: bot 1655 (team B) died: hit another dragon
round 196: bot 1667 (team A) died: hit itself
round 196: bot 1647 (team B) died: lost a head-to-head
round 196: bot 1670 (team B) died: lost a head-to-head
round 196: bot 1677 (team A) died: hit another dragon
round 197: bot 1499 (team A) died: hit another dragon
round 197: bot 1514 (team B) died: hit another dragon
round 197: bot 1560 (team B) died: hit itself
round 197: bot 1595 (team B) died: hit another dragon
round 197: bot 1606 (team A) died: hit another dragon
round 197: bot 1628 (team B) died: hit itself
round 197: bot 1648 (team A) died: hit another dragon
round 197: bot 1652 (team B) died: hit itself
round 198: bot 1509 (team A) died: lost a head-to-head
round 198: bot 1411 (team A) died: lost a head-to-head
round 198: bot 1519 (team B) died: hit another dragon
round 198: bot 1596 (team A) died: hit another dragon
round 198: bot 1616 (team A) died: hit another dragon
round 198: bot 1649 (team A) died: hit itself
round 198: bot 1691 (team B) died: lost a head-to-head
round 198: bot 1679 (team B) died: lost a head-to-head
round 198: bot 1662 (team A) died: lost a head-to-head
round 198: bot 1682 (team A) died: lost a head-to-head
round 198: bot 1688 (team B) died: hit another dragon
round 198: bot 1689 (team B) died: hit another dragon
round 198: bot 1709 (team B) died: hit another dragon
round 199: bot 1225 (team B) died: lost a head-to-head
round 199: bot 1570 (team B) died: lost a head-to-head
round 199: bot 1587 (team A) died: hit another dragon
round 199: bot 1610 (team A) died: hit another dragon
round 199: bot 1613 (team A) died: hit another dragon
round 199: bot 1629 (team B) died: hit another dragon
round 199: bot 1653 (team A) died: hit itself
round 199: bot 1680 (team B) died: hit another dragon
round 199: bot 1685 (team A) died: hit another dragon
round 199: bot 1690 (team A) died: hit another dragon
round 199: bot 1702 (team B) died: hit itself
running round 201/500 --  last: 524ms  eta: 3m13s  dragons: 62 vs 63
round 200: bot 1347 (team A) died: hit itself
round 200: bot 1481 (team B) died: hit itself
round 200: bot 1536 (team B) died: hit another dragon
round 200: bot 1564 (team B) died: hit another dragon
round 200: bot 1582 (team B) died: hit itself
round 200: bot 1590 (team A) died: hit another dragon
round 200: bot 1607 (team A) died: hit itself
round 200: bot 1651 (team B) died: hit itself
round 200: bot 1695 (team A) died: hit itself
round 200: bot 1713 (team B) died: hit itself
round 200: bot 1716 (team B) died: hit itself
round 200: bot 1728 (team A) died: hit another dragon
round 200: bot 1730 (team B) died: hit another dragon
round 201: bot 1332 (team A) died: hit itself
round 201: bot 1565 (team A) died: hit another dragon
round 201: bot 1622 (team A) died: hit another dragon
round 201: bot 1675 (team A) died: hit itself
round 201: bot 1729 (team B) died: hit another dragon
round 201: bot 1735 (team A) died: hit itself
round 202: bot 1581 (team A) died: lost a head-to-head
round 202: bot 1176 (team A) died: lost a head-to-head
round 202: bot 1529 (team B) died: hit another dragon
round 202: bot 1563 (team B) died: hit another dragon
round 202: bot 1583 (team B) died: hit another dragon
round 202: bot 1656 (team A) died: hit another dragon
round 202: bot 1668 (team B) died: hit another dragon
round 202: bot 1687 (team A) died: hit a wall
round 202: bot 1704 (team A) died: lost a head-to-head
round 202: bot 1711 (team A) died: lost a head-to-head
round 202: bot 1727 (team B) died: hit another dragon
round 202: bot 1742 (team A) died: hit itself
round 203: bot 1213 (team A) died: hit itself
round 203: bot 1459 (team B) died: hit another dragon
round 203: bot 1483 (team A) died: hit another dragon
round 203: bot 1585 (team B) died: hit another dragon
round 203: bot 1634 (team B) died: hit another dragon
round 203: bot 1724 (team B) died: lost a head-to-head
round 203: bot 1661 (team B) died: lost a head-to-head
round 203: bot 1671 (team A) died: hit another dragon
round 203: bot 1672 (team B) died: hit itself
round 203: bot 1674 (team A) died: hit another dragon
round 203: bot 1693 (team B) died: hit another dragon
round 203: bot 1706 (team A) died: hit itself
round 203: bot 1714 (team B) died: hit another dragon
round 203: bot 1732 (team A) died: hit itself
round 203: bot 1734 (team A) died: hit another dragon
round 203: bot 1755 (team A) died: hit another dragon
round 203: bot 1760 (team B) died: hit itself
round 204: bot 1287 (team A) died: hit another dragon
round 204: bot 1532 (team B) died: hit itself
round 204: bot 1631 (team B) died: hit another dragon
round 204: bot 1698 (team B) died: hit another dragon
round 204: bot 1710 (team A) died: hit another dragon
round 204: bot 1719 (team A) died: hit another dragon
round 204: bot 1741 (team A) died: hit another dragon
round 204: bot 1780 (team A) died: hit another dragon
round 205: bot 1522 (team A) died: hit another dragon
round 205: bot 1557 (team A) died: hit another dragon
round 205: bot 1594 (team B) died: hit another dragon
round 205: bot 1664 (team B) died: hit itself
round 205: bot 1696 (team B) died: hit another dragon
round 205: bot 1721 (team A) died: hit itself
round 205: bot 1751 (team A) died: hit another dragon
round 205: bot 1772 (team A) died: hit another dragon
round 205: bot 1783 (team B) died: hit itself
round 206: bot 1450 (team B) died: hit itself
round 206: bot 1574 (team B) died: hit another dragon
round 206: bot 1615 (team B) died: hit another dragon
round 206: bot 1722 (team A) died: hit itself
round 206: bot 1737 (team B) died: hit another dragon
round 206: bot 1739 (team A) died: hit another dragon
round 206: bot 1746 (team A) died: hit itself
round 206: bot 1747 (team B) died: hit itself
round 206: bot 1769 (team A) died: hit itself
round 206: bot 1781 (team B) died: hit another dragon
round 206: bot 1792 (team B) died: hit itself
round 206: bot 1743 (team A) died: lost a head-to-head
round 206: bot 1796 (team A) died: lost a head-to-head
round 207: bot 1285 (team A) died: hit itself
round 207: bot 1373 (team A) died: hit itself
round 207: bot 1603 (team B) died: hit another dragon
round 207: bot 1692 (team B) died: hit another dragon
round 207: bot 1725 (team A) died: hit another dragon
round 207: bot 1731 (team B) died: hit itself
round 207: bot 1748 (team B) died: hit another dragon
round 207: bot 1768 (team A) died: hit itself
round 207: bot 1777 (team B) died: hit another dragon
round 207: bot 1779 (team A) died: hit another dragon
round 208: bot 1468 (team A) died: hit itself
round 208: bot 1551 (team A) died: hit another dragon
round 208: bot 1612 (team B) died: hit another dragon
round 208: bot 1663 (team B) died: hit itself
round 208: bot 1703 (team A) died: hit another dragon
round 208: bot 1705 (team A) died: hit another dragon
round 208: bot 1758 (team B) died: hit another dragon
round 208: bot 1787 (team A) died: hit itself
round 208: bot 1807 (team A) died: hit another dragon
round 209: bot 1597 (team B) died: hit another dragon
round 209: bot 1654 (team A) died: hit another dragon
round 209: bot 1657 (team B) died: hit itself
round 209: bot 1708 (team B) died: hit another dragon
round 209: bot 1736 (team B) died: hit another dragon
round 209: bot 1795 (team B) died: hit itself
round 209: bot 1798 (team A) died: hit another dragon
round 209: bot 1799 (team A) died: hit another dragon
round 209: bot 1803 (team A) died: hit another dragon
round 210: bot 1384 (team B) died: hit another dragon
round 210: bot 1572 (team B) died: hit another dragon
round 210: bot 1633 (team B) died: hit another dragon
round 210: bot 1678 (team A) died: hit another dragon
round 210: bot 1740 (team A) died: hit another dragon
round 210: bot 1757 (team A) died: hit itself
round 210: bot 1790 (team B) died: hit another dragon
round 210: bot 1791 (team A) died: hit another dragon
round 210: bot 1812 (team A) died: hit another dragon
round 210: bot 1830 (team B) died: hit itself
round 210: bot 1840 (team A) died: hit another dragon
round 211: bot 1608 (team A) died: hit itself
round 211: bot 1697 (team A) died: hit another dragon
round 211: bot 1753 (team A) died: hit itself
round 211: bot 1788 (team B) died: hit another dragon
round 211: bot 1811 (team A) died: hit itself
round 211: bot 1838 (team A) died: hit another dragon
round 212: bot 1367 (team B) died: hit itself
round 212: bot 1492 (team B) died: hit itself
round 212: bot 1785 (team A) died: hit another dragon
round 212: bot 1804 (team B) died: hit another dragon
round 212: bot 1817 (team A) died: hit itself
round 212: bot 1818 (team A) died: hit another dragon
round 213: bot 1438 (team A) died: hit another dragon
round 213: bot 1601 (team B) died: hit itself
round 213: bot 1623 (team B) died: hit another dragon
round 213: bot 1627 (team B) died: hit another dragon
round 213: bot 1761 (team B) died: hit another dragon
round 213: bot 1776 (team A) died: hit itself
round 213: bot 1805 (team A) died: hit another dragon
round 213: bot 1826 (team A) died: hit another dragon
round 213: bot 1829 (team B) died: hit another dragon
round 213: bot 1850 (team B) died: hit another dragon
round 214: bot 1099 (team A) died: hit itself
round 214: bot 1778 (team A) died: hit itself
round 214: bot 1810 (team A) died: hit another dragon
round 214: bot 1816 (team B) died: hit another dragon
round 214: bot 1856 (team B) died: hit another dragon
round 215: bot 1625 (team A) died: hit itself
round 215: bot 1683 (team B) died: hit another dragon
round 215: bot 1686 (team B) died: hit another dragon
round 215: bot 1762 (team B) died: hit itself
round 215: bot 1765 (team B) died: hit another dragon
round 215: bot 1821 (team A) died: lost a head-to-head
round 215: bot 1766 (team A) died: lost a head-to-head
round 215: bot 1808 (team B) died: hit another dragon
round 215: bot 1835 (team B) died: hit another dragon
round 216: bot 1559 (team A) died: hit another dragon
round 216: bot 1681 (team A) died: hit another dragon
round 216: bot 1786 (team A) died: hit another dragon
round 216: bot 1831 (team B) died: hit itself
round 216: bot 1855 (team A) died: hit itself
round 216: bot 1872 (team B) died: hit itself
round 216: bot 1876 (team B) died: hit another dragon
round 217: bot 1575 (team B) died: hit itself
round 217: bot 1609 (team B) died: hit another dragon
round 217: bot 1684 (team B) died: hit itself
round 217: bot 1738 (team B) died: hit another dragon
round 217: bot 1750 (team B) died: hit another dragon
round 217: bot 1784 (team A) died: hit another dragon
round 217: bot 1815 (team B) died: hit another dragon
round 217: bot 1832 (team A) died: hit another dragon
round 217: bot 1833 (team A) died: hit another dragon
round 217: bot 1841 (team A) died: hit another dragon
round 217: bot 1859 (team A) died: hit itself
round 218: bot 1325 (team A) died: hit itself
round 218: bot 1620 (team B) died: hit itself
round 218: bot 1650 (team A) died: hit itself
round 218: bot 1773 (team B) died: hit another dragon
round 218: bot 1789 (team A) died: hit another dragon
round 218: bot 1819 (team B) died: hit another dragon
round 218: bot 1845 (team B) died: hit itself
round 218: bot 1851 (team B) died: hit another dragon
round 218: bot 1861 (team A) died: hit another dragon
round 218: bot 1890 (team B) died: hit another dragon
round 218: bot 1891 (team A) died: hit another dragon
round 219: bot 1457 (team B) died: hit another dragon
round 219: bot 1506 (team A) died: hit itself
round 219: bot 1543 (team B) died: hit itself
round 219: bot 1554 (team A) died: hit another dragon
round 219: bot 1767 (team B) died: hit itself
round 219: bot 1782 (team B) died: hit itself
round 219: bot 1800 (team B) died: hit another dragon
round 219: bot 1809 (team B) died: hit another dragon
round 219: bot 1854 (team B) died: hit itself
round 219: bot 1888 (team B) died: hit another dragon
round 219: bot 1896 (team A) died: hit another dragon
round 219: bot 1901 (team B) died: hit another dragon
round 219: bot 1904 (team B) died: hit itself
round 219: bot 1907 (team A) died: lost a head-to-head
round 219: bot 1917 (team A) died: lost a head-to-head
round 220: bot 1701 (team A) died: hit another dragon
round 220: bot 1707 (team A) died: hit another dragon
round 220: bot 1726 (team B) died: hit another dragon
round 220: bot 1793 (team B) died: hit itself
round 220: bot 1866 (team B) died: hit itself
round 220: bot 1877 (team A) died: hit itself
round 220: bot 1879 (team A) died: hit itself
round 221: bot 1723 (team A) died: hit another dragon
round 221: bot 1754 (team A) died: hit another dragon
round 221: bot 1764 (team B) died: hit another dragon
round 221: bot 1869 (team B) died: hit another dragon
round 221: bot 1842 (team B) died: lost a head-to-head
round 221: bot 1882 (team B) died: lost a head-to-head
round 221: bot 1883 (team A) died: hit another dragon
round 221: bot 1924 (team B) died: hit another dragon
round 222: bot 1825 (team A) died: lost a head-to-head
round 222: bot 1666 (team B) died: lost a head-to-head
round 222: bot 1848 (team A) died: hit another dragon
round 222: bot 1865 (team A) died: hit itself
round 222: bot 1870 (team A) died: hit another dragon
round 222: bot 1892 (team B) died: lost a head-to-head
round 222: bot 1875 (team B) died: lost a head-to-head
round 222: bot 1880 (team A) died: hit itself
round 222: bot 1928 (team A) died: hit itself
round 223: bot 1669 (team A) died: hit another dragon
round 223: bot 1770 (team B) died: hit another dragon
round 223: bot 1801 (team B) died: hit another dragon
round 223: bot 1618 (team A) died: lost a head-to-head
round 223: bot 1852 (team A) died: lost a head-to-head
round 223: bot 1884 (team B) died: hit another dragon
round 223: bot 1934 (team B) died: lost a head-to-head
round 223: bot 1899 (team B) died: lost a head-to-head
round 223: bot 1905 (team B) died: hit itself
round 223: bot 1908 (team A) died: hit another dragon
round 223: bot 1915 (team A) died: hit itself
round 223: bot 1919 (team B) died: hit another dragon
round 223: bot 1930 (team B) died: hit another dragon
round 223: bot 1940 (team A) died: hit another dragon
round 224: bot 1673 (team B) died: hit another dragon
round 224: bot 1771 (team A) died: hit another dragon
round 224: bot 1814 (team B) died: hit another dragon
round 224: bot 1902 (team B) died: hit itself
round 224: bot 1916 (team A) died: lost a head-to-head
round 224: bot 1909 (team A) died: lost a head-to-head
round 224: bot 1929 (team A) died: hit another dragon
round 224: bot 1931 (team A) died: hit itself
round 224: bot 1950 (team B) died: hit itself
round 224: bot 1952 (team B) died: hit another dragon
round 224: bot 1849 (team B) died: lost a head-to-head
round 224: bot 1960 (team B) died: lost a head-to-head
round 225: bot 878 (team A) died: hit another dragon
round 225: bot 1586 (team A) died: hit another dragon
round 225: bot 1700 (team B) died: hit another dragon
round 225: bot 1868 (team A) died: hit another dragon
round 225: bot 1937 (team B) died: hit another dragon
round 225: bot 1969 (team B) died: hit itself
round 225: bot 1976 (team A) died: hit itself
round 225: bot 1978 (team A) died: hit another dragon
round 226: bot 1676 (team B) died: hit itself
round 226: bot 1720 (team B) died: hit itself
round 226: bot 1756 (team B) died: hit another dragon
round 226: bot 1827 (team B) died: hit another dragon
round 226: bot 1867 (team A) died: hit itself
round 226: bot 1873 (team B) died: hit another dragon
round 226: bot 1921 (team A) died: hit another dragon
round 226: bot 1939 (team A) died: hit itself
round 226: bot 1945 (team A) died: hit itself
round 226: bot 1977 (team A) died: hit another dragon
round 227: bot 1271 (team A) died: hit another dragon
round 227: bot 1749 (team B) died: hit another dragon
round 227: bot 1802 (team B) died: hit another dragon
round 227: bot 1864 (team B) died: hit another dragon
round 227: bot 1886 (team B) died: hit another dragon
round 227: bot 1961 (team B) died: hit another dragon
round 228: bot 1593 (team A) died: hit itself
round 228: bot 1715 (team B) died: hit itself
round 228: bot 1744 (team B) died: hit another dragon
round 228: bot 1828 (team A) died: hit itself
round 228: bot 1862 (team B) died: hit itself
round 228: bot 1885 (team B) died: hit another dragon
round 228: bot 1900 (team B) died: hit itself
round 228: bot 1967 (team B) died: hit another dragon
round 228: bot 1979 (team A) died: hit itself
round 228: bot 1964 (team B) died: lost a head-to-head
round 228: bot 1995 (team B) died: lost a head-to-head
round 228: bot 1999 (team B) died: hit another dragon
round 229: bot 1813 (team B) died: hit another dragon
round 229: bot 1953 (team B) died: lost a head-to-head
round 229: bot 1822 (team B) died: lost a head-to-head
round 229: bot 1932 (team A) died: hit another dragon
round 229: bot 1968 (team B) died: lost a head-to-head
round 229: bot 1954 (team B) died: lost a head-to-head
round 229: bot 1717 (team A) died: lost a head-to-head
round 229: bot 1974 (team A) died: lost a head-to-head
round 230: bot 1823 (team B) died: hit another dragon
round 230: bot 1878 (team A) died: hit another dragon
round 230: bot 1972 (team A) died: hit itself
round 230: bot 1982 (team B) died: hit another dragon
round 230: bot 1984 (team B) died: hit another dragon
round 230: bot 1986 (team A) died: hit another dragon
round 230: bot 1993 (team B) died: hit another dragon
round 231: bot 1718 (team B) died: hit itself
round 231: bot 1759 (team A) died: hit itself
round 231: bot 1858 (team A) died: hit another dragon
round 231: bot 1889 (team B) died: hit itself
round 231: bot 1927 (team A) died: hit another dragon
round 231: bot 1947 (team A) died: hit itself
round 231: bot 1975 (team A) died: hit itself
round 231: bot 1994 (team B) died: hit another dragon
round 231: bot 2022 (team B) died: hit another dragon
round 232: bot 1579 (team B) died: hit itself
round 232: bot 1846 (team A) died: hit itself
round 232: bot 1992 (team A) died: hit itself
round 232: bot 2027 (team A) died: hit another dragon
round 232: bot 2030 (team B) died: hit itself
round 233: bot 1641 (team A) died: hit itself
round 233: bot 1820 (team B) died: hit itself
round 233: bot 1839 (team A) died: hit another dragon
round 233: bot 1843 (team A) died: hit itself
round 233: bot 1857 (team B) died: hit itself
round 233: bot 1911 (team B) died: hit itself
round 233: bot 1922 (team B) died: hit another dragon
round 233: bot 1938 (team B) died: hit another dragon
round 233: bot 1965 (team B) died: hit another dragon
round 233: bot 1998 (team B) died: hit another dragon
round 233: bot 2029 (team B) died: hit another dragon
round 234: bot 1694 (team B) died: hit another dragon
round 234: bot 1955 (team A) died: hit another dragon
round 234: bot 1985 (team B) died: hit another dragon
round 234: bot 2020 (team B) died: hit another dragon
round 234: bot 2033 (team A) died: hit itself
round 234: bot 2042 (team B) died: hit another dragon
round 235: bot 2001 (team A) died: hit another dragon
round 235: bot 2013 (team B) died: hit another dragon
round 235: bot 2049 (team B) died: hit itself
round 235: bot 2050 (team A) died: hit itself
round 236: bot 1624 (team B) died: hit another dragon
round 236: bot 1933 (team B) died: hit another dragon
round 236: bot 2000 (team B) died: hit another dragon
round 236: bot 2009 (team B) died: hit another dragon
round 236: bot 2025 (team A) died: hit another dragon
round 236: bot 2039 (team B) died: hit another dragon
round 236: bot 2054 (team A) died: hit another dragon
round 237: bot 1388 (team A) died: hit another dragon
round 237: bot 1533 (team B) died: hit itself
round 237: bot 1871 (team B) died: hit a wall
round 237: bot 1910 (team B) died: hit another dragon
round 237: bot 1925 (team A) died: hit another dragon
round 237: bot 1966 (team B) died: hit itself
round 237: bot 2011 (team B) died: hit another dragon
round 237: bot 2016 (team A) died: hit another dragon
round 237: bot 2059 (team B) died: lost a head-to-head
round 237: bot 2062 (team B) died: lost a head-to-head
round 238: bot 1752 (team A) died: hit another dragon
round 238: bot 1844 (team A) died: hit itself
round 238: bot 1963 (team A) died: hit itself
round 238: bot 2035 (team B) died: hit another dragon
round 238: bot 2036 (team A) died: hit another dragon
round 239: bot 1897 (team A) died: hit another dragon
round 239: bot 1847 (team A) died: lost a head-to-head
round 239: bot 1981 (team B) died: lost a head-to-head
round 239: bot 1989 (team A) died: hit another dragon
round 239: bot 1990 (team B) died: hit another dragon
round 239: bot 2006 (team B) died: hit another dragon
round 239: bot 2044 (team B) died: hit another dragon
round 239: bot 2085 (team B) died: lost a head-to-head
round 239: bot 2074 (team B) died: lost a head-to-head
round 240: bot 1913 (team B) died: hit another dragon
round 240: bot 1926 (team B) died: hit itself
round 240: bot 2012 (team A) died: hit another dragon
round 240: bot 2026 (team B) died: hit another dragon
round 240: bot 2032 (team A) died: lost a head-to-head
round 240: bot 2038 (team B) died: lost a head-to-head
round 240: bot 2052 (team B) died: hit another dragon
round 240: bot 2069 (team B) died: hit another dragon
round 240: bot 2071 (team A) died: hit another dragon
round 240: bot 2098 (team A) died: hit itself
round 241: bot 1898 (team B) died: hit another dragon
round 241: bot 1948 (team B) died: hit itself
round 241: bot 1983 (team B) died: hit itself
round 241: bot 1987 (team A) died: hit itself
round 241: bot 2055 (team B) died: lost a head-to-head
round 241: bot 2041 (team B) died: lost a head-to-head
round 241: bot 2056 (team A) died: hit itself
round 241: bot 2070 (team B) died: hit itself
round 241: bot 2084 (team A) died: hit another dragon
round 241: bot 2007 (team B) died: lost a head-to-head
round 241: bot 2088 (team B) died: lost a head-to-head
round 241: bot 2089 (team A) died: hit another dragon
round 241: bot 1942 (team B) died: lost a head-to-head
round 241: bot 2105 (team B) died: lost a head-to-head
round 242: bot 1874 (team B) died: hit itself
round 242: bot 1920 (team B) died: hit itself
round 242: bot 1996 (team B) died: hit itself
round 242: bot 2024 (team B) died: hit itself
round 242: bot 2031 (team A) died: hit another dragon
round 242: bot 2090 (team B) died: hit another dragon
round 242: bot 2091 (team B) died: hit another dragon
round 242: bot 2099 (team A) died: hit itself
round 242: bot 2112 (team B) died: hit itself
round 242: bot 2119 (team B) died: hit another dragon
round 243: bot 1617 (team A) died: hit another dragon
round 243: bot 1824 (team A) died: hit itself
round 243: bot 1935 (team B) died: hit itself
round 243: bot 1956 (team B) died: hit another dragon
round 243: bot 2021 (team B) died: hit another dragon
round 243: bot 2057 (team A) died: hit another dragon
round 243: bot 2097 (team B) died: hit another dragon
round 243: bot 2108 (team A) died: hit another dragon
round 244: bot 1699 (team A) died: hit another dragon
round 244: bot 1923 (team A) died: hit itself
round 244: bot 1973 (team B) died: hit another dragon
round 244: bot 2004 (team B) died: hit itself
round 244: bot 2023 (team A) died: hit itself
round 244: bot 2045 (team B) died: hit another dragon
round 244: bot 2092 (team B) died: hit another dragon
round 244: bot 2103 (team A) died: hit another dragon
round 244: bot 2110 (team B) died: hit itself
round 244: bot 2128 (team B) died: lost a head-to-head
round 244: bot 2117 (team B) died: lost a head-to-head
round 244: bot 2120 (team A) died: hit itself
round 245: bot 1806 (team A) died: hit itself
round 245: bot 1834 (team A) died: hit itself
round 245: bot 2028 (team B) died: hit another dragon
round 245: bot 2051 (team A) died: hit itself
round 245: bot 2064 (team B) died: hit itself
round 245: bot 2109 (team B) died: hit another dragon
round 245: bot 2121 (team B) died: hit another dragon
round 245: bot 2134 (team A) died: hit itself
round 245: bot 2140 (team A) died: hit itself
round 245: bot 2046 (team B) died: lost a head-to-head
round 245: bot 2146 (team B) died: lost a head-to-head
round 246: bot 2087 (team B) died: lost a head-to-head
round 246: bot 1941 (team B) died: lost a head-to-head
round 246: bot 2037 (team B) died: hit another dragon
round 246: bot 2060 (team B) died: hit another dragon
round 246: bot 2082 (team B) died: hit another dragon
round 246: bot 2125 (team A) died: hit another dragon
round 247: bot 1775 (team B) died: hit another dragon
round 247: bot 1980 (team B) died: hit itself
round 247: bot 2010 (team B) died: hit another dragon
round 247: bot 2019 (team A) died: hit itself
round 247: bot 2130 (team A) died: hit another dragon
round 247: bot 2149 (team A) died: hit itself
round 248: bot 1914 (team B) died: hit another dragon
round 248: bot 1958 (team A) died: hit another dragon
round 248: bot 2063 (team A) died: hit itself
round 248: bot 2078 (team B) died: hit another dragon
round 248: bot 2096 (team A) died: hit itself
round 248: bot 2131 (team A) died: hit another dragon
round 248: bot 2147 (team B) died: hit another dragon
round 248: bot 2150 (team B) died: hit another dragon
round 249: bot 1912 (team B) died: hit itself
round 249: bot 1951 (team B) died: hit another dragon
round 249: bot 2003 (team A) died: hit another dragon
round 249: bot 2075 (team B) died: hit itself
round 249: bot 2080 (team A) died: hit itself
round 249: bot 2107 (team A) died: hit another dragon
round 249: bot 2137 (team A) died: hit another dragon
round 249: bot 2144 (team A) died: hit another dragon
round 249: bot 2179 (team A) died: hit another dragon
running round 251/500 --  last: 386ms  eta: 3m21s  dragons: 63 vs 64
round 250: bot 1763 (team B) died: hit itself
round 250: bot 1326 (team B) died: lost a head-to-head
round 250: bot 2014 (team B) died: lost a head-to-head
round 250: bot 2106 (team B) died: hit another dragon
round 250: bot 2122 (team B) died: hit another dragon
round 250: bot 2156 (team B) died: hit itself
round 250: bot 2165 (team A) died: hit itself
round 250: bot 2169 (team A) died: hit another dragon
round 250: bot 2177 (team A) died: hit another dragon
round 251: bot 1496 (team A) died: hit itself
round 251: bot 1797 (team B) died: hit another dragon
round 251: bot 2015 (team A) died: hit itself
round 251: bot 2058 (team B) died: hit another dragon
round 251: bot 2139 (team B) died: hit itself
round 251: bot 2152 (team B) died: hit another dragon
round 251: bot 2157 (team A) died: hit another dragon
round 251: bot 2168 (team A) died: hit another dragon
round 251: bot 2174 (team A) died: hit another dragon
round 251: bot 2178 (team B) died: hit another dragon
round 251: bot 2191 (team A) died: hit another dragon
round 252: bot 1853 (team B) died: hit itself
round 252: bot 1906 (team B) died: hit itself
round 252: bot 1957 (team A) died: hit itself
round 252: bot 2068 (team B) died: hit itself
round 252: bot 2126 (team B) died: hit another dragon
round 252: bot 2143 (team B) died: hit another dragon
round 252: bot 2171 (team B) died: hit another dragon
round 252: bot 2181 (team A) died: hit another dragon
round 252: bot 2172 (team B) died: lost a head-to-head
round 252: bot 2193 (team B) died: lost a head-to-head
round 253: bot 1836 (team A) died: hit itself
round 253: bot 1903 (team A) died: hit another dragon
round 253: bot 1997 (team B) died: hit another dragon
round 253: bot 2133 (team B) died: lost a head-to-head
round 253: bot 2094 (team B) died: lost a head-to-head
round 253: bot 2104 (team B) died: hit itself
round 253: bot 2118 (team A) died: hit another dragon
round 253: bot 2127 (team B) died: hit itself
round 253: bot 2135 (team B) died: hit itself
round 253: bot 2154 (team B) died: hit another dragon
round 253: bot 2164 (team A) died: hit itself
round 253: bot 2182 (team A) died: hit another dragon
round 253: bot 2213 (team B) died: hit itself
round 253: bot 2225 (team A) died: hit itself
round 254: bot 2005 (team B) died: hit another dragon
round 254: bot 2008 (team A) died: hit itself
round 254: bot 2053 (team B) died: hit itself
round 254: bot 2188 (team B) died: hit another dragon
round 254: bot 2155 (team B) died: lost a head-to-head
round 254: bot 2195 (team B) died: lost a head-to-head
round 254: bot 2198 (team A) died: hit another dragon
round 254: bot 2201 (team B) died: hit another dragon
round 254: bot 2204 (team B) died: hit itself
round 254: bot 2209 (team B) died: hit another dragon
round 254: bot 2230 (team A) died: hit another dragon
round 255: bot 1881 (team A) died: hit another dragon
round 255: bot 2072 (team B) died: lost a head-to-head
round 255: bot 2101 (team B) died: lost a head-to-head
round 255: bot 2113 (team A) died: hit itself
round 255: bot 2123 (team B) died: hit another dragon
round 255: bot 2200 (team A) died: hit another dragon
round 255: bot 2241 (team B) died: hit another dragon
round 256: bot 1745 (team A) died: hit another dragon
round 256: bot 2192 (team A) died: lost a head-to-head
round 256: bot 1894 (team A) died: lost a head-to-head
round 256: bot 2066 (team A) died: hit another dragon
round 256: bot 2124 (team A) died: hit another dragon
round 256: bot 2212 (team B) died: lost a head-to-head
round 256: bot 2136 (team B) died: lost a head-to-head
round 256: bot 2224 (team A) died: lost a head-to-head
round 256: bot 2190 (team A) died: lost a head-to-head
round 256: bot 2208 (team B) died: hit itself
round 256: bot 2228 (team B) died: hit itself
round 257: bot 1863 (team A) died: hit another dragon
round 257: bot 2196 (team B) died: hit itself
round 257: bot 2220 (team B) died: hit itself
round 257: bot 2246 (team A) died: hit itself
round 258: bot 2170 (team A) died: hit another dragon
round 258: bot 2176 (team B) died: hit another dragon
round 258: bot 2184 (team A) died: hit another dragon
round 258: bot 2202 (team B) died: hit another dragon
round 258: bot 2215 (team A) died: hit itself
round 258: bot 2256 (team A) died: hit itself
round 258: bot 2260 (team A) died: hit another dragon
round 259: bot 2061 (team B) died: hit itself
round 259: bot 2093 (team A) died: hit another dragon
round 259: bot 2141 (team A) died: hit another dragon
round 259: bot 2214 (team A) died: hit another dragon
round 259: bot 2219 (team B) died: hit another dragon
round 259: bot 2242 (team A) died: lost a head-to-head
round 259: bot 2232 (team B) died: lost a head-to-head
round 259: bot 2251 (team B) died: hit another dragon
round 259: bot 2259 (team A) died: hit another dragon
round 259: bot 2263 (team B) died: hit itself
round 260: bot 2065 (team B) died: hit another dragon
round 260: bot 2114 (team B) died: hit another dragon
round 260: bot 2153 (team B) died: hit another dragon
round 260: bot 2167 (team B) died: hit itself
round 260: bot 2255 (team B) died: lost a head-to-head
round 260: bot 2197 (team B) died: lost a head-to-head
round 260: bot 2231 (team B) died: hit another dragon
round 260: bot 2262 (team A) died: hit itself
round 260: bot 2264 (team A) died: hit another dragon
round 261: bot 1712 (team B) died: hit itself
round 261: bot 2040 (team A) died: hit itself
round 261: bot 2138 (team B) died: hit another dragon
round 261: bot 2227 (team A) died: hit another dragon
round 261: bot 2265 (team A) died: hit another dragon
round 262: bot 874 (team A) died: hit another dragon
round 262: bot 1971 (team A) died: hit another dragon
round 262: bot 2142 (team B) died: hit itself
round 262: bot 2183 (team B) died: hit another dragon
round 262: bot 2210 (team B) died: hit another dragon
round 262: bot 2239 (team A) died: hit itself
round 262: bot 2248 (team B) died: hit another dragon
round 262: bot 2253 (team A) died: hit another dragon
round 262: bot 2266 (team A) died: hit itself
round 262: bot 2273 (team B) died: hit another dragon
round 263: bot 1944 (team A) died: hit itself
round 263: bot 2047 (team A) died: hit another dragon
round 263: bot 2100 (team B) died: hit itself
round 263: bot 2173 (team A) died: hit another dragon
round 263: bot 2250 (team B) died: hit itself
round 263: bot 2258 (team A) died: hit another dragon
round 263: bot 2285 (team A) died: hit another dragon
round 263: bot 2290 (team A) died: hit another dragon
round 264: bot 1665 (team A) died: hit itself
round 264: bot 1962 (team A) died: hit itself
round 264: bot 2083 (team B) died: hit itself
round 264: bot 2102 (team B) died: hit another dragon
round 264: bot 2160 (team A) died: hit another dragon
round 264: bot 2217 (team B) died: hit another dragon
round 264: bot 2223 (team B) died: hit itself
round 264: bot 2252 (team A) died: hit itself
round 264: bot 2254 (team A) died: hit another dragon
round 264: bot 2275 (team B) died: hit itself
round 264: bot 2281 (team A) died: hit another dragon
round 264: bot 2291 (team A) died: hit itself
round 264: bot 1774 (team A) died: lost a head-to-head
round 264: bot 2295 (team B) died: lost a head-to-head
round 264: bot 2300 (team A) died: hit another dragon
round 265: bot 1936 (team A) died: hit itself
round 265: bot 2017 (team B) died: hit another dragon
round 265: bot 2115 (team B) died: hit another dragon
round 265: bot 2151 (team B) died: hit itself
round 265: bot 2199 (team A) died: hit another dragon
round 265: bot 2216 (team B) died: hit another dragon
round 265: bot 2240 (team B) died: hit another dragon
round 265: bot 2261 (team B) died: lost a head-to-head
round 265: bot 2306 (team B) died: lost a head-to-head
round 265: bot 2325 (team B) died: hit itself
round 266: bot 2166 (team B) died: hit itself
round 266: bot 2187 (team B) died: hit another dragon
round 266: bot 2203 (team A) died: hit itself
round 266: bot 2211 (team A) died: hit another dragon
round 266: bot 2278 (team B) died: hit another dragon
round 266: bot 2284 (team B) died: hit another dragon
round 266: bot 2294 (team B) died: hit itself
round 266: bot 2299 (team A) died: hit itself
round 266: bot 2304 (team A) died: hit itself
round 266: bot 2305 (team A) died: hit another dragon
round 266: bot 2308 (team A) died: hit another dragon
round 266: bot 2321 (team B) died: hit itself
round 267: bot 2034 (team A) died: lost a head-to-head
round 267: bot 2095 (team B) died: lost a head-to-head
round 267: bot 2162 (team B) died: hit itself
round 267: bot 2235 (team B) died: hit itself
round 267: bot 2270 (team B) died: hit itself
round 267: bot 2292 (team A) died: hit another dragon
round 267: bot 2307 (team A) died: hit another dragon
round 267: bot 2318 (team A) died: hit another dragon
round 267: bot 2319 (team A) died: hit another dragon
round 267: bot 2344 (team B) died: lost a head-to-head
round 267: bot 2328 (team B) died: lost a head-to-head
round 268: bot 1943 (team A) died: hit itself
round 268: bot 2073 (team A) died: hit another dragon
round 268: bot 2081 (team B) died: hit itself
round 268: bot 2129 (team B) died: hit itself
round 268: bot 2335 (team A) died: lost a head-to-head
round 268: bot 2272 (team A) died: lost a head-to-head
round 268: bot 2111 (team B) died: lost a head-to-head
round 268: bot 2312 (team B) died: lost a head-to-head
round 268: bot 2320 (team B) died: hit another dragon
round 268: bot 2327 (team A) died: hit itself
round 268: bot 2354 (team A) died: hit itself
round 268: bot 2315 (team B) died: lost a head-to-head
round 268: bot 2362 (team B) died: lost a head-to-head
round 269: bot 2269 (team B) died: hit another dragon
round 269: bot 2274 (team A) died: hit another dragon
round 269: bot 2293 (team A) died: hit another dragon
round 269: bot 2357 (team B) died: lost a head-to-head
round 269: bot 2297 (team B) died: lost a head-to-head
round 269: bot 2310 (team A) died: hit another dragon
round 269: bot 2116 (team B) died: lost a head-to-head
round 269: bot 2314 (team B) died: lost a head-to-head
round 269: bot 2366 (team A) died: lost a head-to-head
round 269: bot 2323 (team A) died: lost a head-to-head
round 269: bot 2326 (team A) died: hit another dragon
round 269: bot 2338 (team A) died: hit itself
round 269: bot 2367 (team B) died: hit itself
round 270: bot 1949 (team B) died: hit another dragon
round 270: bot 2148 (team B) died: hit another dragon
round 270: bot 2222 (team A) died: hit another dragon
round 270: bot 2276 (team A) died: hit another dragon
round 270: bot 2279 (team B) died: hit itself
round 270: bot 2301 (team A) died: hit another dragon
round 270: bot 2368 (team B) died: lost a head-to-head
round 270: bot 2355 (team B) died: lost a head-to-head
round 270: bot 2370 (team A) died: hit another dragon
round 271: bot 2077 (team A) died: hit itself
round 271: bot 2186 (team B) died: hit itself
round 271: bot 2309 (team A) died: hit another dragon
round 271: bot 2342 (team A) died: hit a wall
round 271: bot 2360 (team A) died: hit itself
round 272: bot 1946 (team A) died: hit another dragon
round 272: bot 1991 (team B) died: hit itself
round 272: bot 2079 (team A) died: hit itself
round 272: bot 2161 (team B) died: hit itself
round 272: bot 2205 (team A) died: hit another dragon
round 272: bot 2247 (team A) died: hit a wall
round 272: bot 2286 (team B) died: hit another dragon
round 272: bot 2313 (team A) died: hit another dragon
round 272: bot 2330 (team B) died: hit itself
round 272: bot 2364 (team A) died: hit another dragon
round 272: bot 2377 (team A) died: hit another dragon
round 272: bot 2388 (team B) died: hit another dragon
round 273: bot 2280 (team B) died: hit another dragon
round 273: bot 2296 (team B) died: hit itself
round 273: bot 2369 (team A) died: hit another dragon
round 273: bot 2385 (team A) died: hit itself
round 273: bot 2387 (team B) died: hit itself
round 273: bot 2389 (team A) died: hit another dragon
round 273: bot 2393 (team A) died: hit another dragon
round 273: bot 2399 (team B) died: hit another dragon
round 273: bot 2404 (team B) died: hit another dragon
round 273: bot 2411 (team B) died: hit itself
round 274: bot 2048 (team A) died: hit another dragon
round 274: bot 2158 (team B) died: hit itself
round 274: bot 2194 (team A) died: hit another dragon
round 274: bot 2226 (team B) died: hit another dragon
round 274: bot 2238 (team B) died: hit itself
round 274: bot 2322 (team B) died: hit another dragon
round 274: bot 2334 (team A) died: hit itself
round 274: bot 2390 (team A) died: lost a head-to-head
round 274: bot 2341 (team A) died: lost a head-to-head
round 274: bot 2347 (team B) died: hit itself
round 274: bot 2375 (team B) died: hit another dragon
round 274: bot 2386 (team A) died: hit another dragon
round 274: bot 2412 (team A) died: hit another dragon
round 274: bot 2420 (team B) died: hit itself
round 275: bot 2237 (team A) died: lost a head-to-head
round 275: bot 1918 (team B) died: lost a head-to-head
round 275: bot 2218 (team B) died: hit itself
round 275: bot 2267 (team B) died: hit another dragon
round 275: bot 2289 (team A) died: hit itself
round 275: bot 2324 (team B) died: hit another dragon
round 275: bot 2373 (team A) died: hit itself
round 275: bot 2405 (team A) died: hit another dragon
round 275: bot 2422 (team B) died: hit another dragon
round 275: bot 2435 (team B) died: hit itself
round 275: bot 2244 (team A) died: lost a head-to-head
round 275: bot 2440 (team A) died: lost a head-to-head
round 276: bot 2303 (team A) died: hit another dragon
round 276: bot 2317 (team B) died: hit itself
round 276: bot 2339 (team B) died: hit another dragon
round 276: bot 2349 (team B) died: hit itself
round 276: bot 2395 (team A) died: hit another dragon
round 276: bot 2396 (team A) died: hit itself
round 276: bot 2415 (team A) died: hit itself
round 276: bot 2432 (team B) died: hit itself
round 277: bot 2189 (team B) died: hit itself
round 277: bot 2207 (team A) died: hit itself
round 277: bot 2257 (team B) died: hit another dragon
round 277: bot 2352 (team A) died: hit another dragon
round 277: bot 2391 (team B) died: hit another dragon
round 277: bot 2392 (team A) died: hit another dragon
round 277: bot 2418 (team B) died: hit another dragon
round 277: bot 2439 (team A) died: hit another dragon
round 277: bot 2441 (team A) died: hit another dragon
round 277: bot 2462 (team A) died: hit itself
round 278: bot 1837 (team A) died: hit itself
round 278: bot 2268 (team A) died: hit another dragon
round 278: bot 2302 (team B) died: hit another dragon
round 278: bot 2378 (team A) died: hit itself
round 278: bot 2427 (team B) died: hit itself
round 278: bot 2450 (team A) died: hit itself
round 279: bot 1895 (team A) died: hit a wall
round 279: bot 2351 (team A) died: lost a head-to-head
round 279: bot 2086 (team A) died: lost a head-to-head
round 279: bot 2221 (team B) died: hit another dragon
round 279: bot 2298 (team B) died: hit another dragon
round 279: bot 2340 (team A) died: hit itself
round 279: bot 2381 (team B) died: hit another dragon
round 279: bot 2437 (team B) died: lost a head-to-head
round 279: bot 2433 (team B) died: lost a head-to-head
round 279: bot 2445 (team B) died: hit another dragon
round 279: bot 2449 (team A) died: hit itself
round 279: bot 2469 (team A) died: hit another dragon
round 279: bot 2473 (team B) died: hit another dragon
round 279: bot 2475 (team B) died: hit itself
round 280: bot 2249 (team B) died: hit another dragon
round 280: bot 2282 (team B) died: hit another dragon
round 280: bot 2464 (team A) died: hit another dragon
round 280: bot 2476 (team B) died: hit another dragon
round 281: bot 1733 (team A) died: hit itself
round 281: bot 2277 (team B) died: hit another dragon
round 281: bot 2336 (team B) died: hit another dragon
round 281: bot 2356 (team B) died: hit another dragon
round 281: bot 2382 (team A) died: hit another dragon
round 281: bot 2458 (team A) died: hit itself
round 281: bot 2460 (team A) died: hit another dragon
round 281: bot 2467 (team B) died: hit another dragon
round 281: bot 2067 (team A) died: lost a head-to-head
round 281: bot 2470 (team A) died: lost a head-to-head
round 281: bot 2478 (team B) died: hit itself
round 281: bot 2484 (team A) died: hit itself
round 282: bot 1887 (team B) died: hit another dragon
round 282: bot 2236 (team B) died: hit itself
round 282: bot 2316 (team B) died: hit another dragon
round 282: bot 2371 (team B) died: hit another dragon
round 282: bot 2380 (team B) died: hit another dragon
round 282: bot 2407 (team A) died: hit another dragon
round 282: bot 2419 (team B) died: hit another dragon
round 282: bot 2444 (team A) died: hit another dragon
round 282: bot 2447 (team B) died: hit itself
round 282: bot 2448 (team A) died: hit a wall
round 282: bot 2485 (team A) died: hit another dragon
round 282: bot 2493 (team B) died: hit another dragon
round 282: bot 2497 (team A) died: hit itself
round 282: bot 2498 (team B) died: lost a head-to-head
round 282: bot 2505 (team B) died: lost a head-to-head
round 283: bot 1959 (team A) died: hit itself
round 283: bot 1988 (team A) died: hit another dragon
round 283: bot 2353 (team B) died: hit another dragon
round 283: bot 2374 (team B) died: hit itself
round 283: bot 2402 (team A) died: hit itself
round 283: bot 2423 (team B) died: hit another dragon
round 283: bot 2477 (team A) died: hit itself
round 283: bot 2481 (team B) died: hit another dragon
round 283: bot 2495 (team A) died: hit another dragon
round 283: bot 2499 (team B) died: hit itself
round 283: bot 2372 (team B) died: lost a head-to-head
round 283: bot 2503 (team B) died: lost a head-to-head
round 283: bot 2523 (team A) died: hit another dragon
round 284: bot 2018 (team A) died: hit another dragon
round 284: bot 2229 (team B) died: hit itself
round 284: bot 2331 (team A) died: hit another dragon
round 284: bot 2361 (team B) died: hit itself
round 284: bot 2398 (team A) died: hit another dragon
round 284: bot 2401 (team B) died: hit another dragon
round 284: bot 2416 (team B) died: hit another dragon
round 284: bot 2429 (team A) died: hit another dragon
round 284: bot 2509 (team A) died: hit another dragon
round 284: bot 2513 (team B) died: hit another dragon
round 284: bot 2517 (team B) died: hit itself
round 284: bot 2525 (team B) died: hit itself
round 284: bot 2482 (team B) died: lost a head-to-head
round 284: bot 2529 (team B) died: lost a head-to-head
round 285: bot 2491 (team A) died: hit another dragon
round 285: bot 2502 (team A) died: hit another dragon
round 285: bot 2526 (team B) died: hit another dragon
round 285: bot 2535 (team B) died: hit itself
round 286: bot 2185 (team B) died: hit another dragon
round 286: bot 2376 (team B) died: hit another dragon
round 286: bot 2442 (team B) died: hit another dragon
round 286: bot 2468 (team A) died: hit another dragon
round 286: bot 2488 (team B) died: hit another dragon
round 287: bot 2132 (team A) died: hit a wall
round 287: bot 2346 (team A) died: hit another dragon
round 287: bot 2350 (team B) died: hit another dragon
round 287: bot 2534 (team A) died: lost a head-to-head
round 287: bot 2414 (team A) died: lost a head-to-head
round 287: bot 2471 (team B) died: hit another dragon
round 287: bot 2514 (team A) died: hit another dragon
round 287: bot 2530 (team B) died: hit another dragon
round 288: bot 2271 (team B) died: hit another dragon
round 288: bot 2343 (team A) died: hit another dragon
round 288: bot 2453 (team B) died: lost a head-to-head
round 288: bot 2479 (team B) died: lost a head-to-head
round 288: bot 2500 (team B) died: hit another dragon
round 288: bot 2443 (team B) died: lost a head-to-head
round 288: bot 2507 (team B) died: lost a head-to-head
round 288: bot 2521 (team B) died: hit itself
round 288: bot 2536 (team B) died: hit another dragon
round 288: bot 2539 (team B) died: hit another dragon
round 289: bot 2043 (team B) died: hit another dragon
round 289: bot 2163 (team A) died: hit another dragon
round 289: bot 2243 (team B) died: hit another dragon
round 289: bot 2567 (team A) died: lost a head-to-head
round 289: bot 2283 (team A) died: lost a head-to-head
round 289: bot 2337 (team B) died: hit another dragon
round 289: bot 2345 (team A) died: hit itself
round 289: bot 2426 (team A) died: hit itself
round 289: bot 2553 (team B) died: hit another dragon
round 289: bot 2555 (team A) died: hit another dragon
round 290: bot 2206 (team B) died: hit another dragon
round 290: bot 2571 (team B) died: lost a head-to-head
round 290: bot 2472 (team B) died: lost a head-to-head
round 290: bot 2512 (team B) died: hit another dragon
round 290: bot 2551 (team B) died: lost a head-to-head
round 290: bot 2528 (team B) died: lost a head-to-head
round 291: bot 2076 (team A) died: hit another dragon
round 291: bot 2329 (team B) died: hit itself
round 291: bot 2379 (team B) died: hit another dragon
round 291: bot 2424 (team A) died: hit itself
round 291: bot 2434 (team B) died: hit another dragon
round 291: bot 2438 (team A) died: hit another dragon
round 291: bot 2489 (team B) died: hit itself
round 291: bot 2558 (team A) died: hit another dragon
round 291: bot 2565 (team B) died: hit another dragon
round 292: bot 2234 (team A) died: hit itself
round 292: bot 2365 (team A) died: hit another dragon
round 292: bot 2540 (team A) died: hit another dragon
round 292: bot 2568 (team A) died: hit another dragon
round 292: bot 2586 (team B) died: hit itself
round 292: bot 2587 (team B) died: hit another dragon
round 293: bot 2394 (team A) died: hit itself
round 293: bot 2455 (team B) died: hit another dragon
round 293: bot 2463 (team B) died: hit another dragon
round 293: bot 2594 (team A) died: lost a head-to-head
round 293: bot 2486 (team A) died: lost a head-to-head
round 293: bot 2550 (team A) died: hit another dragon
round 293: bot 2559 (team B) died: hit another dragon
round 293: bot 2564 (team B) died: hit another dragon
round 293: bot 2583 (team B) died: hit another dragon
round 294: bot 2311 (team B) died: hit itself
round 294: bot 2417 (team B) died: hit another dragon
round 294: bot 2556 (team B) died: hit another dragon
round 294: bot 2570 (team B) died: hit another dragon
round 294: bot 2602 (team B) died: lost a head-to-head
round 294: bot 2596 (team B) died: lost a head-to-head
round 295: bot 2363 (team B) died: hit another dragon
round 295: bot 2504 (team B) died: hit itself
round 295: bot 2541 (team A) died: hit another dragon
round 295: bot 2548 (team B) died: hit itself
round 295: bot 2561 (team B) died: hit another dragon
round 295: bot 2538 (team B) died: lost a head-to-head
round 295: bot 2575 (team A) died: lost a head-to-head
round 295: bot 2593 (team A) died: hit another dragon
round 296: bot 2145 (team B) died: hit another dragon
round 296: bot 2487 (team B) died: hit itself
round 296: bot 2522 (team A) died: hit itself
round 296: bot 2543 (team B) died: hit another dragon
round 296: bot 2554 (team A) died: hit another dragon
round 296: bot 2569 (team B) died: hit another dragon
round 296: bot 2580 (team B) died: hit itself
round 296: bot 2612 (team B) died: hit another dragon
round 296: bot 2623 (team A) died: hit itself
round 296: bot 2624 (team B) died: hit itself
round 296: bot 2629 (team A) died: hit another dragon
round 297: bot 1646 (team A) died: hit another dragon
round 297: bot 2428 (team A) died: hit another dragon
round 297: bot 2501 (team B) died: hit another dragon
round 297: bot 2524 (team B) died: hit another dragon
round 297: bot 2549 (team B) died: hit another dragon
round 297: bot 2557 (team A) died: hit itself
round 297: bot 2577 (team B) died: hit another dragon
round 297: bot 2601 (team A) died: hit another dragon
round 297: bot 2332 (team B) died: lost a head-to-head
round 297: bot 2604 (team B) died: lost a head-to-head
round 297: bot 2642 (team B) died: lost a head-to-head
round 297: bot 2626 (team B) died: lost a head-to-head
round 297: bot 2630 (team A) died: hit another dragon
round 297: bot 2632 (team B) died: hit itself
round 297: bot 2641 (team B) died: hit another dragon
round 298: bot 2400 (team A) died: hit another dragon
round 298: bot 2511 (team B) died: lost a head-to-head
round 298: bot 2607 (team B) died: lost a head-to-head
round 298: bot 2608 (team B) died: hit another dragon
round 298: bot 2609 (team A) died: hit another dragon
round 298: bot 2633 (team B) died: hit another dragon
round 299: bot 2002 (team A) died: hit another dragon
round 299: bot 2403 (team B) died: hit itself
round 299: bot 2465 (team A) died: hit another dragon
round 299: bot 2563 (team B) died: hit another dragon
round 299: bot 2572 (team A) died: hit another dragon
round 299: bot 2588 (team B) died: hit another dragon
round 299: bot 2618 (team A) died: hit another dragon
round 299: bot 2634 (team A) died: hit another dragon
round 299: bot 2639 (team A) died: hit another dragon
round 299: bot 2663 (team A) died: hit itself
running round 301/500 --  last: 455ms  eta: 2m35s  dragons: 63 vs 64
round 300: bot 1893 (team A) died: hit itself
round 300: bot 2410 (team B) died: hit another dragon
round 300: bot 2520 (team A) died: lost a head-to-head
round 300: bot 2456 (team A) died: lost a head-to-head
round 300: bot 2459 (team B) died: hit another dragon
round 300: bot 2578 (team B) died: hit another dragon
round 300: bot 2581 (team B) died: hit another dragon
round 300: bot 2592 (team A) died: hit another dragon
round 300: bot 2643 (team A) died: hit another dragon
round 300: bot 2650 (team B) died: hit another dragon
round 301: bot 1970 (team A) died: hit another dragon
round 301: bot 2397 (team A) died: hit another dragon
round 301: bot 2425 (team B) died: hit another dragon
round 301: bot 2515 (team A) died: hit another dragon
round 301: bot 2544 (team B) died: hit another dragon
round 301: bot 2562 (team B) died: hit itself
round 301: bot 2591 (team A) died: hit another dragon
round 301: bot 2599 (team B) died: hit itself
round 301: bot 2628 (team A) died: hit itself
round 301: bot 2631 (team A) died: hit another dragon
round 301: bot 2644 (team A) died: hit another dragon
round 301: bot 2679 (team B) died: hit itself
round 301: bot 2685 (team A) died: hit another dragon
round 302: bot 2175 (team B) died: hit another dragon
round 302: bot 2333 (team B) died: hit another dragon
round 302: bot 2496 (team A) died: hit another dragon
round 302: bot 2518 (team A) died: hit itself
round 302: bot 2519 (team B) died: hit itself
round 302: bot 2576 (team A) died: hit another dragon
round 302: bot 2614 (team A) died: hit itself
round 302: bot 2627 (team B) died: hit itself
round 302: bot 2667 (team B) died: hit another dragon
round 302: bot 2674 (team B) died: hit another dragon
round 302: bot 2676 (team A) died: hit another dragon
round 303: bot 2605 (team B) died: hit itself
round 303: bot 2610 (team A) died: hit another dragon
round 303: bot 2619 (team B) died: hit itself
round 303: bot 2649 (team A) died: hit another dragon
round 303: bot 2668 (team A) died: hit another dragon
round 304: bot 2348 (team B) died: hit itself
round 304: bot 2483 (team A) died: hit another dragon
round 304: bot 2611 (team B) died: hit itself
round 304: bot 2616 (team A) died: hit another dragon
round 304: bot 2659 (team B) died: hit another dragon
round 304: bot 2664 (team A) died: hit another dragon
round 304: bot 2673 (team A) died: hit another dragon
round 304: bot 2683 (team A) died: hit another dragon
round 304: bot 2690 (team B) died: hit another dragon
round 304: bot 2697 (team A) died: hit itself
round 305: bot 2480 (team A) died: hit itself
round 305: bot 2537 (team B) died: hit another dragon
round 305: bot 2620 (team B) died: hit another dragon
round 305: bot 2640 (team B) died: hit itself
round 305: bot 2682 (team A) died: hit itself
round 305: bot 2703 (team A) died: hit another dragon
round 305: bot 2613 (team B) died: lost a head-to-head
round 305: bot 2705 (team B) died: lost a head-to-head
round 306: bot 1860 (team A) died: hit itself
round 306: bot 2287 (team B) died: hit another dragon
round 306: bot 2452 (team B) died: hit another dragon
round 306: bot 2454 (team A) died: hit another dragon
round 306: bot 2547 (team A) died: hit another dragon
round 306: bot 2595 (team B) died: hit itself
round 306: bot 2621 (team A) died: hit another dragon
round 306: bot 2680 (team A) died: hit another dragon
round 306: bot 2694 (team A) died: hit another dragon
round 306: bot 2696 (team B) died: hit another dragon
round 306: bot 2691 (team A) died: lost a head-to-head
round 306: bot 2707 (team A) died: lost a head-to-head
round 307: bot 2635 (team A) died: hit itself
round 307: bot 2681 (team B) died: hit another dragon
round 307: bot 2715 (team B) died: hit itself
round 307: bot 2716 (team B) died: hit another dragon
round 307: bot 2699 (team B) died: lost a head-to-head
round 307: bot 2727 (team B) died: lost a head-to-head
round 308: bot 2159 (team A) died: hit another dragon
round 308: bot 2446 (team B) died: hit another dragon
round 308: bot 2474 (team B) died: hit another dragon
round 308: bot 2589 (team A) died: hit another dragon
round 308: bot 2590 (team A) died: hit itself
round 308: bot 2654 (team B) died: hit itself
round 308: bot 2670 (team B) died: hit another dragon
round 308: bot 2700 (team A) died: hit itself
round 308: bot 2714 (team A) died: hit another dragon
round 308: bot 2736 (team B) died: hit itself
round 308: bot 2739 (team B) died: hit itself
round 309: bot 2406 (team B) died: hit itself
round 309: bot 2457 (team B) died: hit another dragon
round 309: bot 2510 (team A) died: hit itself
round 309: bot 2532 (team A) died: hit another dragon
round 309: bot 2574 (team B) died: hit another dragon
round 309: bot 2746 (team A) died: lost a head-to-head
round 309: bot 2582 (team A) died: lost a head-to-head
round 309: bot 2615 (team B) died: hit another dragon
round 309: bot 2625 (team B) died: hit another dragon
round 309: bot 2658 (team A) died: hit another dragon
round 309: bot 2687 (team B) died: hit another dragon
round 309: bot 2717 (team A) died: hit another dragon
round 309: bot 2720 (team B) died: hit another dragon
round 309: bot 2724 (team A) died: hit another dragon
round 310: bot 2233 (team B) died: hit itself
round 310: bot 2598 (team B) died: hit another dragon
round 310: bot 2646 (team B) died: hit itself
round 310: bot 2669 (team B) died: hit another dragon
round 310: bot 2689 (team B) died: hit itself
round 310: bot 2730 (team A) died: hit another dragon
round 310: bot 2752 (team B) died: hit itself
round 310: bot 2755 (team B) died: hit another dragon
round 310: bot 2770 (team A) died: hit another dragon
round 311: bot 2466 (team A) died: hit another dragon
round 311: bot 2490 (team B) died: hit another dragon
round 311: bot 2527 (team B) died: hit itself
round 311: bot 2636 (team B) died: hit another dragon
round 311: bot 2671 (team A) died: hit another dragon
round 311: bot 2688 (team B) died: hit another dragon
round 311: bot 2733 (team A) died: hit another dragon
round 311: bot 2735 (team B) died: hit itself
round 311: bot 2750 (team A) died: hit itself
round 311: bot 2552 (team B) died: lost a head-to-head
round 311: bot 2758 (team B) died: lost a head-to-head
round 311: bot 2766 (team B) died: hit another dragon
round 312: bot 2656 (team B) died: hit itself
round 312: bot 2726 (team A) died: hit another dragon
round 312: bot 2753 (team B) died: hit another dragon
round 312: bot 2765 (team A) died: hit another dragon
round 312: bot 2783 (team B) died: hit itself
round 313: bot 2655 (team B) died: hit itself
round 313: bot 2740 (team B) died: hit another dragon
round 313: bot 2744 (team A) died: hit another dragon
round 313: bot 2782 (team B) died: hit another dragon
round 313: bot 2793 (team A) died: hit another dragon
round 314: bot 2436 (team A) died: hit another dragon
round 314: bot 2666 (team B) died: hit itself
round 314: bot 2672 (team A) died: hit itself
round 314: bot 2718 (team A) died: hit itself
round 314: bot 2731 (team B) died: hit another dragon
round 314: bot 2759 (team A) died: hit another dragon
round 314: bot 2769 (team A) died: hit another dragon
round 314: bot 2772 (team B) died: hit itself
round 314: bot 2781 (team B) died: hit another dragon
round 315: bot 2358 (team A) died: hit another dragon
round 315: bot 2430 (team B) died: hit another dragon
round 315: bot 2600 (team B) died: hit itself
round 315: bot 2652 (team B) died: hit itself
round 315: bot 2677 (team A) died: hit another dragon
round 315: bot 2678 (team B) died: hit another dragon
round 315: bot 2708 (team B) died: hit another dragon
round 315: bot 2709 (team A) died: hit another dragon
round 315: bot 2734 (team B) died: hit another dragon
round 315: bot 2747 (team B) died: hit another dragon
round 315: bot 2767 (team B) died: hit itself
round 315: bot 2789 (team A) died: hit another dragon
round 315: bot 2792 (team A) died: hit another dragon
round 316: bot 2579 (team B) died: hit another dragon
round 316: bot 2647 (team B) died: hit another dragon
round 316: bot 2665 (team A) died: hit another dragon
round 316: bot 2675 (team B) died: hit another dragon
round 316: bot 2737 (team B) died: hit another dragon
round 316: bot 2764 (team A) died: hit another dragon
round 316: bot 2796 (team B) died: hit another dragon
round 316: bot 2801 (team A) died: hit another dragon
round 316: bot 2516 (team B) died: lost a head-to-head
round 316: bot 2806 (team B) died: lost a head-to-head
round 316: bot 2808 (team B) died: hit another dragon
round 317: bot 2421 (team A) died: hit another dragon
round 317: bot 2693 (team B) died: hit another dragon
round 317: bot 2748 (team B) died: hit itself
round 317: bot 2773 (team B) died: hit another dragon
round 317: bot 2780 (team B) died: hit another dragon
round 317: bot 2787 (team A) died: hit another dragon
round 317: bot 2827 (team B) died: hit another dragon
round 317: bot 2828 (team A) died: hit another dragon
round 318: bot 2585 (team B) died: hit another dragon
round 318: bot 2606 (team A) died: hit itself
round 318: bot 2637 (team B) died: hit itself
round 318: bot 2653 (team A) died: hit another dragon
round 318: bot 2751 (team B) died: hit another dragon
round 318: bot 2785 (team A) died: hit another dragon
round 318: bot 2802 (team A) died: hit another dragon
round 318: bot 2814 (team A) died: hit itself
round 319: bot 2359 (team A) died: hit another dragon
round 319: bot 2749 (team A) died: hit another dragon
round 319: bot 2771 (team B) died: hit another dragon
round 319: bot 2784 (team A) died: hit itself
round 319: bot 2797 (team A) died: hit itself
round 319: bot 2810 (team B) died: hit another dragon
round 319: bot 2825 (team A) died: hit another dragon
round 319: bot 2834 (team A) died: hit itself
round 319: bot 2841 (team A) died: hit another dragon
round 320: bot 2245 (team B) died: hit itself
round 320: bot 2686 (team B) died: hit another dragon
round 320: bot 2719 (team A) died: hit another dragon
round 320: bot 2721 (team B) died: hit itself
round 320: bot 2743 (team B) died: hit another dragon
round 320: bot 2768 (team A) died: hit another dragon
round 320: bot 2791 (team B) died: hit another dragon
round 320: bot 2798 (team A) died: hit itself
round 320: bot 2804 (team A) died: hit itself
round 320: bot 2812 (team B) died: hit another dragon
round 320: bot 2818 (team B) died: hit itself
round 320: bot 2831 (team A) died: hit itself
round 320: bot 2838 (team B) died: hit another dragon
round 321: bot 2288 (team A) died: hit another dragon
round 321: bot 2622 (team B) died: hit another dragon
round 321: bot 2662 (team A) died: hit another dragon
round 321: bot 2732 (team A) died: hit itself
round 321: bot 2786 (team B) died: hit another dragon
round 321: bot 2837 (team B) died: hit itself
round 321: bot 2866 (team A) died: hit another dragon
round 321: bot 2872 (team B) died: hit another dragon
round 322: bot 2638 (team B) died: hit another dragon
round 322: bot 2660 (team A) died: hit itself
round 322: bot 2701 (team B) died: hit itself
round 322: bot 2704 (team A) died: hit another dragon
round 322: bot 2710 (team B) died: hit itself
round 322: bot 2725 (team B) died: hit another dragon
round 322: bot 2745 (team A) died: hit another dragon
round 322: bot 2779 (team A) died: hit another dragon
round 322: bot 2795 (team A) died: hit another dragon
round 322: bot 2870 (team A) died: hit another dragon
round 323: bot 2820 (team A) died: hit another dragon
round 323: bot 2821 (team B) died: hit another dragon
round 323: bot 2832 (team A) died: hit another dragon
round 323: bot 2864 (team A) died: hit itself
round 323: bot 2865 (team B) died: lost a head-to-head
round 323: bot 2883 (team B) died: lost a head-to-head
round 324: bot 2546 (team B) died: hit another dragon
round 324: bot 2651 (team B) died: hit itself
round 324: bot 2713 (team B) died: hit itself
round 324: bot 2756 (team B) died: hit itself
round 324: bot 2794 (team B) died: hit itself
round 324: bot 2848 (team B) died: lost a head-to-head
round 324: bot 2800 (team B) died: lost a head-to-head
round 324: bot 2840 (team B) died: hit itself
round 324: bot 2845 (team A) died: hit another dragon
round 324: bot 2851 (team B) died: hit itself
round 324: bot 2875 (team B) died: hit another dragon
round 324: bot 2830 (team B) died: lost a head-to-head
round 324: bot 2886 (team B) died: lost a head-to-head
round 324: bot 2889 (team B) died: hit another dragon
round 325: bot 2573 (team B) died: hit another dragon
round 325: bot 2617 (team B) died: hit another dragon
round 325: bot 2648 (team B) died: hit itself
round 325: bot 2698 (team A) died: hit another dragon
round 325: bot 2722 (team B) died: hit another dragon
round 325: bot 2763 (team B) died: hit another dragon
round 325: bot 2895 (team B) died: lost a head-to-head
round 325: bot 2822 (team B) died: lost a head-to-head
round 325: bot 2843 (team A) died: hit another dragon
round 325: bot 2852 (team A) died: hit another dragon
round 325: bot 2855 (team A) died: hit another dragon
round 325: bot 2899 (team A) died: hit another dragon
round 325: bot 2900 (team B) died: lost a head-to-head
round 325: bot 2907 (team B) died: lost a head-to-head
round 326: bot 2788 (team B) died: hit itself
round 326: bot 2799 (team B) died: hit itself
round 326: bot 2809 (team B) died: hit another dragon
round 326: bot 2816 (team B) died: hit another dragon
round 326: bot 2819 (team B) died: hit another dragon
round 326: bot 2835 (team B) died: hit itself
round 326: bot 2839 (team A) died: hit another dragon
round 326: bot 2888 (team A) died: hit a wall
round 326: bot 2902 (team A) died: hit itself
round 326: bot 2915 (team A) died: hit another dragon
round 327: bot 2754 (team B) died: hit another dragon
round 327: bot 2811 (team A) died: hit another dragon
round 327: bot 2823 (team B) died: hit itself
round 327: bot 2868 (team A) died: hit another dragon
round 327: bot 2876 (team A) died: hit itself
round 327: bot 2879 (team B) died: hit another dragon
round 328: bot 2757 (team A) died: hit itself
round 328: bot 2844 (team A) died: hit itself
round 328: bot 2857 (team A) died: hit itself
round 328: bot 2896 (team A) died: hit another dragon
round 328: bot 2913 (team B) died: hit itself
round 328: bot 2919 (team A) died: hit itself
round 329: bot 2461 (team A) died: hit another dragon
round 329: bot 2695 (team A) died: hit another dragon
round 329: bot 2803 (team B) died: hit another dragon
round 329: bot 2884 (team A) died: hit another dragon
round 329: bot 2885 (team B) died: hit another dragon
round 329: bot 2862 (team B) died: lost a head-to-head
round 329: bot 2897 (team B) died: lost a head-to-head
round 330: bot 2702 (team B) died: hit another dragon
round 330: bot 2729 (team A) died: hit another dragon
round 330: bot 2774 (team B) died: hit itself
round 330: bot 2829 (team B) died: hit itself
round 330: bot 2858 (team B) died: hit another dragon
round 330: bot 2861 (team B) died: hit another dragon
round 330: bot 2887 (team B) died: hit itself
round 330: bot 2916 (team A) died: hit another dragon
round 330: bot 2917 (team B) died: hit another dragon
round 330: bot 2927 (team B) died: hit itself
round 330: bot 2929 (team B) died: hit another dragon
round 331: bot 2706 (team A) died: hit another dragon
round 331: bot 2762 (team B) died: hit another dragon
round 331: bot 2776 (team B) died: hit itself
round 331: bot 2807 (team B) died: hit another dragon
round 331: bot 2867 (team B) died: lost a head-to-head
round 331: bot 2893 (team B) died: lost a head-to-head
round 331: bot 2930 (team A) died: hit another dragon
round 331: bot 2932 (team A) died: hit itself
round 331: bot 2958 (team B) died: lost a head-to-head
round 331: bot 2945 (team B) died: lost a head-to-head
round 332: bot 2954 (team B) died: lost a head-to-head
round 332: bot 2508 (team A) died: lost a head-to-head
round 332: bot 2712 (team A) died: hit another dragon
round 332: bot 2723 (team B) died: hit another dragon
round 332: bot 2760 (team B) died: hit itself
round 332: bot 2813 (team B) died: hit another dragon
round 332: bot 2914 (team B) died: hit itself
round 332: bot 2956 (team A) died: hit another dragon
round 333: bot 2657 (team A) died: hit another dragon
round 333: bot 2974 (team A) died: lost a head-to-head
round 333: bot 2738 (team A) died: lost a head-to-head
round 333: bot 2877 (team B) died: hit itself
round 333: bot 2908 (team B) died: hit another dragon
round 333: bot 2923 (team B) died: hit itself
round 333: bot 2938 (team A) died: lost a head-to-head
round 333: bot 2934 (team A) died: lost a head-to-head
round 333: bot 2963 (team A) died: hit another dragon
round 334: bot 2905 (team B) died: hit another dragon
round 334: bot 2925 (team A) died: hit another dragon
round 334: bot 2926 (team B) died: hit another dragon
round 334: bot 2935 (team A) died: hit another dragon
round 334: bot 2856 (team B) died: lost a head-to-head
round 334: bot 2949 (team B) died: lost a head-to-head
round 334: bot 2953 (team A) died: hit another dragon
round 334: bot 2965 (team B) died: hit another dragon
round 334: bot 2966 (team B) died: hit itself
round 335: bot 2533 (team A) died: hit another dragon
round 335: bot 2661 (team A) died: hit another dragon
round 335: bot 2728 (team A) died: hit itself
round 335: bot 2742 (team B) died: hit itself
round 335: bot 2863 (team A) died: hit another dragon
round 335: bot 2891 (team B) died: hit another dragon
round 335: bot 2901 (team B) died: hit another dragon
round 335: bot 2853 (team B) died: lost a head-to-head
round 335: bot 2928 (team A) died: lost a head-to-head
round 335: bot 2933 (team A) died: hit another dragon
round 335: bot 2939 (team B) died: hit itself
round 335: bot 2946 (team B) died: hit itself
round 335: bot 2951 (team A) died: hit another dragon
round 335: bot 2994 (team A) died: lost a head-to-head
round 335: bot 2972 (team A) died: lost a head-to-head
round 336: bot 2741 (team A) died: hit another dragon
round 336: bot 2911 (team B) died: hit itself
round 336: bot 2859 (team B) died: lost a head-to-head
round 336: bot 2921 (team B) died: lost a head-to-head
round 336: bot 2941 (team B) died: hit itself
round 336: bot 2964 (team B) died: hit another dragon
round 336: bot 2986 (team B) died: hit another dragon
round 337: bot 2584 (team A) died: hit itself
round 337: bot 2790 (team B) died: lost a head-to-head
round 337: bot 2645 (team B) died: lost a head-to-head
round 337: bot 2711 (team A) died: hit itself
round 337: bot 2817 (team B) died: hit itself
round 337: bot 2869 (team A) died: hit itself
round 337: bot 2890 (team B) died: lost a head-to-head
round 337: bot 2871 (team B) died: lost a head-to-head
round 337: bot 2603 (team A) died: lost a head-to-head
round 337: bot 2898 (team A) died: lost a head-to-head
round 337: bot 2909 (team B) died: hit itself
round 337: bot 3015 (team A) died: lost a head-to-head
round 337: bot 2995 (team A) died: lost a head-to-head
round 337: bot 3005 (team A) died: hit another dragon
round 337: bot 3013 (team B) died: hit itself
round 338: bot 2597 (team B) died: hit itself
round 338: bot 2775 (team B) died: hit another dragon
round 338: bot 2912 (team A) died: lost a head-to-head
round 338: bot 2880 (team A) died: lost a head-to-head
round 338: bot 2882 (team A) died: hit itself
round 338: bot 2952 (team B) died: hit itself
round 338: bot 2979 (team B) died: hit another dragon
round 338: bot 2990 (team B) died: hit another dragon
round 338: bot 2996 (team A) died: hit another dragon
round 339: bot 2836 (team A) died: hit itself
round 339: bot 2850 (team A) died: hit itself
round 339: bot 2980 (team A) died: hit itself
round 339: bot 2984 (team A) died: hit itself
round 339: bot 2991 (team B) died: hit another dragon
round 339: bot 2999 (team A) died: hit another dragon
round 339: bot 3010 (team B) died: hit another dragon
round 339: bot 3043 (team B) died: hit another dragon
round 340: bot 2542 (team A) died: hit another dragon
round 340: bot 2692 (team A) died: hit another dragon
round 340: bot 2824 (team B) died: hit itself
round 340: bot 2960 (team B) died: hit another dragon
round 340: bot 2981 (team A) died: hit another dragon
round 340: bot 2998 (team B) died: hit another dragon
round 340: bot 3031 (team B) died: hit itself
round 340: bot 3032 (team B) died: hit another dragon
round 340: bot 3039 (team A) died: hit itself
round 340: bot 3040 (team A) died: hit another dragon
round 341: bot 2684 (team A) died: hit a wall
round 341: bot 2894 (team B) died: hit another dragon
round 341: bot 2906 (team B) died: hit itself
round 341: bot 2997 (team A) died: hit a wall
round 341: bot 3018 (team B) died: hit another dragon
round 341: bot 3025 (team A) died: hit another dragon
round 341: bot 3046 (team A) died: hit another dragon
round 342: bot 2560 (team B) died: hit another dragon
round 342: bot 2777 (team A) died: hit another dragon
round 342: bot 2842 (team A) died: hit itself
round 342: bot 2874 (team A) died: hit itself
round 342: bot 2959 (team B) died: hit itself
round 342: bot 3008 (team A) died: hit another dragon
round 342: bot 3028 (team A) died: hit itself
round 342: bot 3044 (team A) died: hit another dragon
round 342: bot 3045 (team A) died: hit another dragon
round 342: bot 3048 (team A) died: hit another dragon
round 342: bot 3006 (team A) died: lost a head-to-head
round 342: bot 3064 (team A) died: lost a head-to-head
round 343: bot 2947 (team B) died: hit another dragon
round 343: bot 2987 (team A) died: lost a head-to-head
round 343: bot 2955 (team A) died: lost a head-to-head
round 343: bot 2975 (team A) died: hit another dragon
round 343: bot 2978 (team B) died: hit another dragon
round 343: bot 3026 (team A) died: hit another dragon
round 343: bot 3038 (team B) died: hit another dragon
round 343: bot 3052 (team A) died: hit another dragon
round 343: bot 3073 (team A) died: hit another dragon
round 344: bot 2846 (team B) died: hit itself
round 344: bot 2910 (team B) died: hit another dragon
round 344: bot 2936 (team A) died: hit another dragon
round 344: bot 2962 (team B) died: hit another dragon
round 344: bot 3000 (team B) died: hit another dragon
round 344: bot 3007 (team A) died: hit itself
round 344: bot 3029 (team A) died: hit another dragon
round 344: bot 3035 (team A) died: hit another dragon
round 344: bot 3053 (team A) died: hit another dragon
round 344: bot 3061 (team B) died: hit another dragon
round 345: bot 2918 (team B) died: hit another dragon
round 345: bot 2973 (team A) died: hit another dragon
round 345: bot 3083 (team B) died: lost a head-to-head
round 345: bot 2982 (team B) died: lost a head-to-head
round 345: bot 3020 (team B) died: hit itself
round 345: bot 3023 (team A) died: hit another dragon
round 345: bot 3049 (team B) died: hit another dragon
round 345: bot 3054 (team B) died: hit another dragon
round 346: bot 2847 (team A) died: lost a head-to-head
round 346: bot 2451 (team A) died: lost a head-to-head
round 346: bot 2940 (team B) died: hit itself
round 346: bot 2992 (team B) died: hit itself
round 346: bot 3033 (team A) died: hit another dragon
round 346: bot 3055 (team A) died: hit another dragon
round 346: bot 3096 (team A) died: lost a head-to-head
round 346: bot 3060 (team B) died: lost a head-to-head
round 346: bot 3078 (team A) died: hit itself
round 346: bot 3079 (team A) died: hit a wall
round 346: bot 3093 (team B) died: hit itself
round 346: bot 3094 (team B) died: hit another dragon
round 346: bot 3098 (team A) died: hit itself
round 346: bot 3108 (team B) died: hit itself
round 346: bot 3112 (team A) died: hit another dragon
round 347: bot 2492 (team A) died: hit another dragon
round 347: bot 2833 (team B) died: hit another dragon
round 347: bot 2922 (team B) died: hit another dragon
round 347: bot 2950 (team B) died: hit another dragon
round 347: bot 2993 (team B) died: hit another dragon
round 347: bot 3021 (team B) died: hit itself
round 347: bot 3059 (team A) died: hit another dragon
round 347: bot 3070 (team A) died: hit itself
round 348: bot 2566 (team B) died: hit itself
round 348: bot 2931 (team A) died: hit another dragon
round 348: bot 2968 (team B) died: hit itself
round 348: bot 3019 (team B) died: lost a head-to-head
round 348: bot 3068 (team B) died: lost a head-to-head
round 348: bot 3099 (team B) died: hit another dragon
round 348: bot 3111 (team A) died: hit a wall
round 348: bot 3120 (team B) died: hit another dragon
round 349: bot 2892 (team B) died: hit itself
round 349: bot 2988 (team B) died: hit itself
round 349: bot 3011 (team B) died: hit itself
round 349: bot 3034 (team B) died: hit itself
round 349: bot 3047 (team B) died: hit another dragon
round 349: bot 3071 (team A) died: hit another dragon
round 349: bot 3074 (team A) died: hit itself
round 349: bot 3100 (team A) died: hit another dragon
round 349: bot 3101 (team A) died: hit another dragon
round 349: bot 3109 (team A) died: hit itself
round 349: bot 3110 (team B) died: hit another dragon
round 349: bot 3114 (team B) died: hit another dragon
round 349: bot 3135 (team A) died: hit another dragon
round 349: bot 3142 (team B) died: hit another dragon
running round 351/500 --  last: 679ms  eta: 1m51s  dragons: 60 vs 63
round 350: bot 2506 (team A) died: hit another dragon
round 350: bot 2969 (team B) died: hit another dragon
round 350: bot 3030 (team B) died: hit another dragon
round 350: bot 3056 (team B) died: hit itself
round 350: bot 3086 (team B) died: hit another dragon
round 350: bot 3105 (team A) died: hit itself
round 350: bot 3117 (team B) died: hit another dragon
round 350: bot 3118 (team B) died: hit another dragon
round 350: bot 3124 (team B) died: hit another dragon
round 350: bot 3126 (team A) died: hit another dragon
round 350: bot 3132 (team B) died: hit another dragon
round 350: bot 3138 (team B) died: hit another dragon
round 351: bot 2409 (team A) died: lost a head-to-head
round 351: bot 2761 (team A) died: lost a head-to-head
round 351: bot 2873 (team B) died: hit another dragon
round 351: bot 2944 (team A) died: hit another dragon
round 351: bot 3014 (team A) died: lost a head-to-head
round 351: bot 3062 (team A) died: lost a head-to-head
round 351: bot 3076 (team B) died: hit itself
round 351: bot 3090 (team A) died: hit another dragon
round 351: bot 3106 (team A) died: hit another dragon
round 351: bot 3159 (team A) died: hit another dragon
round 351: bot 3156 (team B) died: lost a head-to-head
round 351: bot 3161 (team B) died: lost a head-to-head
round 352: bot 2531 (team A) died: hit itself
round 352: bot 2971 (team B) died: lost a head-to-head
round 352: bot 3004 (team B) died: lost a head-to-head
round 352: bot 3016 (team B) died: hit itself
round 352: bot 3066 (team B) died: hit another dragon
round 352: bot 3082 (team B) died: hit another dragon
round 352: bot 3107 (team B) died: hit another dragon
round 352: bot 3095 (team B) died: lost a head-to-head
round 352: bot 3119 (team B) died: lost a head-to-head
round 352: bot 3130 (team A) died: hit itself
round 352: bot 3144 (team A) died: hit itself
round 352: bot 3155 (team B) died: hit itself
round 352: bot 3167 (team B) died: hit itself
round 353: bot 2494 (team A) died: hit itself
round 353: bot 2860 (team A) died: hit another dragon
round 353: bot 2920 (team B) died: hit itself
round 353: bot 3036 (team B) died: hit another dragon
round 353: bot 3088 (team B) died: hit another dragon
round 353: bot 3125 (team A) died: hit another dragon
round 353: bot 3129 (team A) died: hit another dragon
round 353: bot 3181 (team B) died: hit itself
round 354: bot 2384 (team A) died: hit another dragon
round 354: bot 2957 (team A) died: hit another dragon
round 354: bot 2983 (team A) died: hit another dragon
round 354: bot 3017 (team B) died: hit another dragon
round 354: bot 3058 (team A) died: hit another dragon
round 354: bot 3103 (team A) died: hit itself
round 354: bot 3151 (team A) died: hit another dragon
round 354: bot 3154 (team A) died: hit another dragon
round 354: bot 3175 (team B) died: hit another dragon
round 354: bot 3185 (team B) died: hit another dragon
round 355: bot 2805 (team A) died: hit itself
round 355: bot 3150 (team B) died: lost a head-to-head
round 355: bot 2815 (team B) died: lost a head-to-head
round 355: bot 2937 (team B) died: hit another dragon
round 355: bot 3057 (team B) died: hit itself
round 355: bot 3069 (team A) died: hit another dragon
round 355: bot 3158 (team A) died: hit itself
round 355: bot 3169 (team A) died: hit itself
round 355: bot 3171 (team A) died: hit another dragon
round 356: bot 2413 (team A) died: hit another dragon
round 356: bot 2989 (team A) died: hit itself
round 356: bot 3113 (team B) died: hit another dragon
round 356: bot 3127 (team B) died: hit another dragon
round 356: bot 3153 (team A) died: hit itself
round 356: bot 3157 (team B) died: hit itself
round 356: bot 3164 (team B) died: hit another dragon
round 356: bot 3166 (team A) died: hit another dragon
round 356: bot 3191 (team A) died: hit another dragon
round 356: bot 3209 (team B) died: hit itself
round 357: bot 2408 (team A) died: hit another dragon
round 357: bot 2849 (team A) died: lost a head-to-head
round 357: bot 2977 (team A) died: lost a head-to-head
round 357: bot 3001 (team B) died: hit itself
round 357: bot 3012 (team B) died: hit itself
round 357: bot 3041 (team A) died: hit another dragon
round 357: bot 3063 (team B) died: lost a head-to-head
round 357: bot 3152 (team B) died: lost a head-to-head
round 357: bot 3165 (team A) died: hit itself
round 357: bot 3168 (team A) died: hit another dragon
round 357: bot 3192 (team A) died: hit another dragon
round 357: bot 3201 (team A) died: hit another dragon
round 357: bot 3204 (team A) died: hit another dragon
round 357: bot 3217 (team B) died: hit another dragon
round 358: bot 3140 (team B) died: hit another dragon
round 358: bot 3145 (team B) died: hit itself
round 358: bot 3189 (team A) died: hit itself
round 358: bot 3199 (team A) died: hit itself
round 358: bot 3205 (team A) died: hit another dragon
round 358: bot 3208 (team B) died: hit another dragon
round 358: bot 3230 (team A) died: hit another dragon
round 359: bot 2778 (team B) died: hit another dragon
round 359: bot 3027 (team A) died: hit another dragon
round 359: bot 3121 (team A) died: hit another dragon
round 359: bot 3174 (team B) died: hit itself
round 359: bot 3190 (team B) died: hit another dragon
round 359: bot 3193 (team A) died: hit another dragon
round 359: bot 3197 (team A) died: hit another dragon
round 359: bot 3198 (team A) died: hit another dragon
round 359: bot 3212 (team A) died: hit another dragon
round 359: bot 3242 (team B) died: hit itself
round 360: bot 3022 (team B) died: hit another dragon
round 360: bot 3123 (team B) died: hit another dragon
round 360: bot 3137 (team B) died: hit itself
round 360: bot 3172 (team B) died: hit another dragon
round 360: bot 3237 (team A) died: lost a head-to-head
round 360: bot 3176 (team B) died: lost a head-to-head
round 360: bot 3187 (team A) died: hit itself
round 360: bot 3188 (team B) died: hit itself
round 360: bot 3210 (team A) died: hit another dragon
round 360: bot 3220 (team A) died: hit another dragon
round 361: bot 3080 (team B) died: hit itself
round 361: bot 3143 (team B) died: hit itself
round 361: bot 3232 (team B) died: lost a head-to-head
round 361: bot 3182 (team B) died: lost a head-to-head
round 361: bot 3067 (team A) died: lost a head-to-head
round 361: bot 3194 (team B) died: lost a head-to-head
round 361: bot 3228 (team A) died: lost a head-to-head
round 361: bot 3235 (team A) died: lost a head-to-head
round 361: bot 3245 (team B) died: hit another dragon
round 362: bot 2942 (team B) died: hit itself
round 362: bot 2961 (team B) died: hit itself
round 362: bot 3003 (team B) died: hit itself
round 362: bot 3131 (team A) died: hit another dragon
round 362: bot 3216 (team B) died: lost a head-to-head
round 362: bot 3139 (team B) died: lost a head-to-head
round 362: bot 3219 (team B) died: hit another dragon
round 362: bot 3226 (team B) died: hit itself
round 362: bot 3236 (team A) died: hit another dragon
round 362: bot 3250 (team B) died: hit another dragon
round 362: bot 3262 (team B) died: hit itself
round 362: bot 3266 (team B) died: hit another dragon
round 363: bot 2180 (team A) died: hit itself
round 363: bot 3009 (team B) died: hit another dragon
round 363: bot 3136 (team B) died: hit another dragon
round 363: bot 3224 (team B) died: hit another dragon
round 364: bot 2903 (team B) died: hit itself
round 364: bot 2970 (team B) died: hit another dragon
round 364: bot 3089 (team A) died: hit another dragon
round 364: bot 3170 (team A) died: hit another dragon
round 364: bot 3196 (team B) died: hit another dragon
round 364: bot 3206 (team B) died: hit another dragon
round 364: bot 3243 (team A) died: hit itself
round 364: bot 3244 (team A) died: hit another dragon
round 364: bot 3251 (team B) died: hit another dragon
round 365: bot 3092 (team B) died: hit another dragon
round 365: bot 3134 (team B) died: hit itself
round 365: bot 3179 (team B) died: lost a head-to-head
round 365: bot 3160 (team B) died: lost a head-to-head
round 365: bot 3225 (team B) died: hit another dragon
round 365: bot 3233 (team A) died: hit another dragon
round 365: bot 3246 (team B) died: hit another dragon
round 365: bot 3254 (team A) died: hit another dragon
round 365: bot 3269 (team B) died: hit another dragon
round 365: bot 3284 (team A) died: hit itself
round 365: bot 3289 (team A) died: hit another dragon
round 366: bot 2948 (team B) died: hit another dragon
round 366: bot 3302 (team A) died: lost a head-to-head
round 366: bot 3050 (team A) died: lost a head-to-head
round 366: bot 3072 (team A) died: hit another dragon
round 366: bot 3087 (team A) died: hit itself
round 366: bot 3259 (team A) died: hit another dragon
round 366: bot 3264 (team A) died: hit another dragon
round 366: bot 3290 (team A) died: hit itself
round 367: bot 2383 (team B) died: hit another dragon
round 367: bot 2943 (team B) died: hit another dragon
round 367: bot 3115 (team B) died: hit another dragon
round 367: bot 3214 (team A) died: hit another dragon
round 367: bot 3255 (team B) died: hit another dragon
round 367: bot 3267 (team B) died: hit another dragon
round 367: bot 3278 (team A) died: hit another dragon
round 367: bot 3288 (team A) died: hit itself
round 367: bot 3293 (team B) died: hit itself
round 367: bot 3299 (team B) died: hit itself
round 368: bot 3173 (team B) died: hit itself
round 368: bot 3186 (team B) died: hit another dragon
round 368: bot 3213 (team A) died: hit another dragon
round 368: bot 3241 (team B) died: hit itself
round 368: bot 3261 (team B) died: hit another dragon
round 368: bot 3285 (team A) died: hit another dragon
round 368: bot 3292 (team B) died: hit itself
round 368: bot 3301 (team A) died: hit itself
round 369: bot 2924 (team A) died: hit another dragon
round 369: bot 1794 (team A) died: lost a head-to-head
round 369: bot 3102 (team A) died: lost a head-to-head
round 369: bot 3128 (team B) died: hit another dragon
round 369: bot 3148 (team B) died: lost a head-to-head
round 369: bot 3184 (team B) died: lost a head-to-head
round 369: bot 3258 (team B) died: hit another dragon
round 369: bot 3276 (team B) died: hit another dragon
round 369: bot 3277 (team A) died: hit another dragon
round 369: bot 3308 (team A) died: hit itself
round 369: bot 3339 (team A) died: hit another dragon
round 370: bot 3085 (team A) died: hit another dragon
round 370: bot 3097 (team B) died: hit another dragon
round 370: bot 3229 (team B) died: hit itself
round 370: bot 3272 (team B) died: hit another dragon
round 370: bot 3291 (team B) died: hit itself
round 370: bot 3297 (team A) died: hit another dragon
round 370: bot 3298 (team A) died: hit another dragon
round 370: bot 3309 (team A) died: hit another dragon
round 370: bot 3323 (team B) died: hit another dragon
round 370: bot 3334 (team B) died: hit another dragon
round 371: bot 2854 (team A) died: hit another dragon
round 371: bot 3075 (team B) died: hit itself
round 371: bot 3200 (team A) died: hit another dragon
round 371: bot 3221 (team A) died: hit itself
round 371: bot 3275 (team A) died: hit another dragon
round 371: bot 3279 (team B) died: hit another dragon
round 371: bot 3304 (team A) died: hit itself
round 371: bot 3315 (team A) died: hit another dragon
round 371: bot 3330 (team A) died: hit another dragon
round 372: bot 3051 (team B) died: hit another dragon
round 372: bot 3177 (team B) died: hit another dragon
round 372: bot 3215 (team B) died: hit itself
round 372: bot 3227 (team B) died: hit another dragon
round 372: bot 3238 (team A) died: hit itself
round 372: bot 3239 (team B) died: hit another dragon
round 372: bot 3281 (team B) died: hit itself
round 372: bot 3321 (team A) died: hit another dragon
round 372: bot 3356 (team A) died: hit itself
round 373: bot 3149 (team B) died: hit itself
round 373: bot 3207 (team B) died: hit another dragon
round 373: bot 3247 (team B) died: hit another dragon
round 373: bot 3260 (team B) died: hit itself
round 373: bot 3270 (team B) died: hit itself
round 373: bot 3329 (team A) died: hit another dragon
round 373: bot 3337 (team A) died: hit another dragon
round 373: bot 3361 (team B) died: hit another dragon
round 373: bot 3366 (team A) died: hit itself
round 374: bot 2878 (team B) died: hit another dragon
round 374: bot 3065 (team A) died: hit another dragon
round 374: bot 3133 (team A) died: hit another dragon
round 374: bot 3183 (team A) died: hit another dragon
round 374: bot 3307 (team B) died: hit itself
round 374: bot 3319 (team B) died: hit another dragon
round 374: bot 3327 (team A) died: hit another dragon
round 374: bot 3336 (team B) died: hit another dragon
round 374: bot 3338 (team A) died: hit another dragon
round 374: bot 3348 (team A) died: hit another dragon
round 374: bot 3355 (team A) died: hit another dragon
round 374: bot 3375 (team B) died: hit another dragon
round 374: bot 3394 (team A) died: hit another dragon
round 375: bot 3265 (team B) died: hit another dragon
round 375: bot 3274 (team B) died: hit another dragon
round 375: bot 3303 (team A) died: hit itself
round 375: bot 3317 (team B) died: hit itself
round 375: bot 3314 (team B) died: lost a head-to-head
round 375: bot 3341 (team B) died: lost a head-to-head
round 375: bot 3364 (team A) died: hit itself
round 375: bot 3373 (team B) died: hit itself
round 375: bot 3391 (team A) died: hit itself
round 375: bot 3397 (team B) died: hit another dragon
round 376: bot 2967 (team A) died: hit another dragon
round 376: bot 3218 (team A) died: hit another dragon
round 376: bot 3249 (team B) died: hit another dragon
round 376: bot 3257 (team B) died: hit another dragon
round 376: bot 3345 (team A) died: hit itself
round 376: bot 3378 (team A) died: hit itself
round 376: bot 3387 (team A) died: hit itself
round 376: bot 3404 (team A) died: hit another dragon
round 377: bot 3002 (team B) died: hit another dragon
round 377: bot 3077 (team A) died: hit another dragon
round 377: bot 3248 (team B) died: hit another dragon
round 377: bot 3286 (team B) died: hit another dragon
round 377: bot 3324 (team A) died: hit itself
round 377: bot 3409 (team B) died: lost a head-to-head
round 377: bot 3326 (team B) died: lost a head-to-head
round 377: bot 3343 (team B) died: hit another dragon
round 377: bot 3351 (team B) died: hit another dragon
round 377: bot 3362 (team B) died: hit itself
round 377: bot 3369 (team A) died: hit itself
round 377: bot 3381 (team A) died: hit another dragon
round 377: bot 3400 (team B) died: hit another dragon
round 377: bot 3407 (team A) died: hit another dragon
round 378: bot 3146 (team A) died: hit another dragon
round 378: bot 3147 (team A) died: hit another dragon
round 378: bot 3294 (team B) died: hit another dragon
round 378: bot 3328 (team B) died: hit another dragon
round 378: bot 3380 (team A) died: hit another dragon
round 378: bot 3383 (team B) died: hit another dragon
round 378: bot 3384 (team A) died: hit another dragon
round 378: bot 3406 (team A) died: hit itself
round 378: bot 3410 (team A) died: hit another dragon
round 379: bot 3042 (team B) died: hit itself
round 379: bot 3240 (team B) died: hit itself
round 379: bot 3429 (team B) died: lost a head-to-head
round 379: bot 3268 (team B) died: lost a head-to-head
round 379: bot 3282 (team B) died: hit another dragon
round 379: bot 3305 (team A) died: hit another dragon
round 379: bot 3370 (team A) died: hit another dragon
round 379: bot 3374 (team B) died: hit another dragon
round 379: bot 3346 (team B) died: lost a head-to-head
round 379: bot 3382 (team B) died: lost a head-to-head
round 379: bot 3425 (team B) died: hit another dragon
round 379: bot 3424 (team A) died: lost a head-to-head
round 379: bot 3435 (team A) died: lost a head-to-head
round 379: bot 3439 (team B) died: hit another dragon
round 380: bot 3024 (team A) died: hit itself
round 380: bot 3253 (team B) died: hit itself
round 380: bot 3344 (team B) died: hit another dragon
round 380: bot 3377 (team A) died: hit itself
round 380: bot 3398 (team B) died: hit another dragon
round 380: bot 3401 (team A) died: hit another dragon
round 381: bot 3116 (team B) died: hit another dragon
round 381: bot 3211 (team A) died: hit another dragon
round 381: bot 3256 (team B) died: hit itself
round 381: bot 3287 (team A) died: hit itself
round 381: bot 3451 (team A) died: lost a head-to-head
round 381: bot 3313 (team A) died: lost a head-to-head
round 381: bot 3352 (team B) died: hit itself
round 381: bot 3450 (team B) died: lost a head-to-head
round 381: bot 3386 (team B) died: lost a head-to-head
round 381: bot 3396 (team A) died: hit itself
round 381: bot 3411 (team A) died: hit a wall
round 381: bot 3412 (team A) died: hit another dragon
round 381: bot 3457 (team A) died: lost a head-to-head
round 381: bot 3414 (team A) died: lost a head-to-head
round 381: bot 3433 (team A) died: hit itself
round 382: bot 3300 (team A) died: hit another dragon
round 382: bot 3306 (team A) died: hit another dragon
round 382: bot 3316 (team B) died: lost a head-to-head
round 382: bot 3322 (team B) died: lost a head-to-head
round 382: bot 3331 (team A) died: hit itself
round 382: bot 3359 (team B) died: hit another dragon
round 382: bot 3372 (team A) died: hit another dragon
round 382: bot 3415 (team B) died: hit another dragon
round 382: bot 3423 (team A) died: hit another dragon
round 382: bot 3461 (team A) died: hit another dragon
round 382: bot 3464 (team A) died: hit itself
round 383: bot 3349 (team B) died: hit itself
round 383: bot 3388 (team B) died: hit itself
round 383: bot 3392 (team A) died: hit another dragon
round 383: bot 3443 (team B) died: hit another dragon
round 383: bot 3446 (team A) died: hit another dragon
round 383: bot 3456 (team A) died: hit another dragon
round 383: bot 3469 (team A) died: hit another dragon
round 383: bot 3470 (team A) died: hit another dragon
round 383: bot 3478 (team B) died: hit another dragon
round 384: bot 2431 (team A) died: hit itself
round 384: bot 3084 (team B) died: hit another dragon
round 384: bot 3231 (team B) died: hit another dragon
round 384: bot 3310 (team A) died: hit itself
round 384: bot 3421 (team B) died: hit another dragon
round 384: bot 3430 (team A) died: hit itself
round 384: bot 3452 (team A) died: hit another dragon
round 384: bot 3477 (team A) died: hit another dragon
round 385: bot 3280 (team B) died: hit another dragon
round 385: bot 3318 (team A) died: hit itself
round 385: bot 3363 (team B) died: hit another dragon
round 385: bot 3365 (team A) died: hit another dragon
round 385: bot 3431 (team A) died: hit itself
round 385: bot 3455 (team A) died: hit another dragon
round 385: bot 3462 (team A) died: hit another dragon
round 385: bot 3467 (team A) died: hit another dragon
round 385: bot 3489 (team B) died: hit another dragon
round 386: bot 3091 (team A) died: hit another dragon
round 386: bot 3295 (team B) died: hit itself
round 386: bot 3311 (team B) died: hit another dragon
round 386: bot 3403 (team B) died: hit another dragon
round 386: bot 3427 (team B) died: hit itself
round 386: bot 3428 (team A) died: hit another dragon
round 386: bot 3448 (team B) died: hit another dragon
round 386: bot 3487 (team B) died: hit another dragon
round 387: bot 2545 (team B) died: hit another dragon
round 387: bot 3335 (team B) died: lost a head-to-head
round 387: bot 3263 (team B) died: lost a head-to-head
round 387: bot 3333 (team B) died: hit itself
round 387: bot 3358 (team B) died: hit itself
round 387: bot 3390 (team A) died: hit another dragon
round 387: bot 3420 (team B) died: hit itself
round 387: bot 3479 (team A) died: hit another dragon
round 387: bot 3481 (team A) died: hit itself
round 388: bot 3163 (team A) died: hit another dragon
round 388: bot 3252 (team A) died: hit another dragon
round 388: bot 3271 (team B) died: hit another dragon
round 388: bot 3320 (team B) died: hit another dragon
round 388: bot 3360 (team B) died: hit itself
round 388: bot 3399 (team B) died: hit itself
round 388: bot 3449 (team B) died: hit another dragon
round 388: bot 3475 (team A) died: hit itself
round 388: bot 3496 (team A) died: hit itself
round 388: bot 3506 (team B) died: hit another dragon
round 388: bot 3508 (team A) died: hit itself
round 388: bot 3524 (team B) died: hit another dragon
round 389: bot 3178 (team B) died: hit another dragon
round 389: bot 3376 (team B) died: hit itself
round 389: bot 3417 (team A) died: hit itself
round 389: bot 3438 (team A) died: hit another dragon
round 389: bot 3454 (team B) died: hit another dragon
round 389: bot 3497 (team A) died: hit another dragon
round 389: bot 3498 (team A) died: hit another dragon
round 389: bot 3500 (team B) died: hit another dragon
round 389: bot 3537 (team B) died: hit another dragon
round 390: bot 3037 (team A) died: hit a wall
round 390: bot 3104 (team A) died: hit itself
round 390: bot 3203 (team B) died: hit a wall
round 390: bot 3296 (team B) died: hit another dragon
round 390: bot 3353 (team A) died: hit itself
round 390: bot 3371 (team B) died: hit itself
round 390: bot 3419 (team B) died: hit another dragon
round 390: bot 3495 (team A) died: hit another dragon
round 390: bot 3510 (team B) died: hit itself
round 390: bot 3536 (team A) died: hit another dragon
round 390: bot 3540 (team A) died: hit itself
round 391: bot 3434 (team A) died: lost a head-to-head
round 391: bot 2881 (team A) died: lost a head-to-head
round 391: bot 3223 (team B) died: hit itself
round 391: bot 3357 (team A) died: hit another dragon
round 391: bot 3444 (team B) died: hit another dragon
round 391: bot 3504 (team A) died: hit another dragon
round 391: bot 3511 (team A) died: hit itself
round 391: bot 3518 (team B) died: hit another dragon
round 391: bot 3521 (team A) died: hit another dragon
round 391: bot 3542 (team B) died: hit another dragon
round 391: bot 3546 (team B) died: hit another dragon
round 391: bot 3551 (team B) died: hit another dragon
round 392: bot 3501 (team B) died: lost a head-to-head
round 392: bot 3273 (team A) died: lost a head-to-head
round 392: bot 3509 (team B) died: lost a head-to-head
round 392: bot 3342 (team A) died: lost a head-to-head
round 392: bot 3426 (team A) died: hit another dragon
round 392: bot 3476 (team A) died: hit another dragon
round 392: bot 3493 (team B) died: hit another dragon
round 392: bot 3512 (team A) died: hit a wall
round 392: bot 3520 (team B) died: hit another dragon
round 392: bot 3529 (team A) died: hit another dragon
round 392: bot 3532 (team A) died: hit another dragon
round 392: bot 3534 (team A) died: hit another dragon
round 392: bot 3548 (team B) died: hit another dragon
round 392: bot 3552 (team B) died: hit another dragon
round 392: bot 3574 (team B) died: hit itself
round 392: bot 3577 (team B) died: hit itself
round 393: bot 3354 (team B) died: hit another dragon
round 393: bot 3460 (team A) died: hit another dragon
round 393: bot 3507 (team B) died: hit another dragon
round 393: bot 3526 (team A) died: hit another dragon
round 393: bot 3531 (team A) died: hit another dragon
round 393: bot 3558 (team A) died: hit itself
round 393: bot 3559 (team B) died: hit another dragon
round 393: bot 3525 (team B) died: lost a head-to-head
round 393: bot 3568 (team B) died: lost a head-to-head
round 393: bot 3572 (team B) died: hit another dragon
round 393: bot 3541 (team A) died: lost a head-to-head
round 393: bot 3592 (team A) died: lost a head-to-head
round 394: bot 3402 (team B) died: lost a head-to-head
round 394: bot 3416 (team B) died: lost a head-to-head
round 394: bot 3440 (team B) died: hit another dragon
round 394: bot 3445 (team B) died: hit itself
round 394: bot 3482 (team A) died: hit itself
round 394: bot 3514 (team B) died: hit another dragon
round 394: bot 3539 (team B) died: hit another dragon
round 394: bot 3543 (team A) died: hit another dragon
round 394: bot 3553 (team A) died: hit another dragon
round 394: bot 3556 (team A) died: hit itself
round 394: bot 3565 (team A) died: hit another dragon
round 394: bot 3567 (team A) died: hit itself
round 394: bot 3594 (team B) died: lost a head-to-head
round 394: bot 3580 (team B) died: lost a head-to-head
round 394: bot 3602 (team B) died: hit another dragon
round 394: bot 3603 (team A) died: hit itself
round 395: bot 3611 (team A) died: lost a head-to-head
round 395: bot 3162 (team A) died: lost a head-to-head
round 395: bot 3222 (team A) died: hit another dragon
round 395: bot 3575 (team A) died: lost a head-to-head
round 395: bot 3368 (team A) died: lost a head-to-head
round 395: bot 3408 (team B) died: hit itself
round 395: bot 3465 (team B) died: hit another dragon
round 395: bot 3499 (team A) died: hit another dragon
round 395: bot 3502 (team A) died: hit another dragon
round 395: bot 3405 (team B) died: lost a head-to-head
round 395: bot 3505 (team B) died: lost a head-to-head
round 395: bot 3471 (team A) died: lost a head-to-head
round 395: bot 3545 (team A) died: lost a head-to-head
round 395: bot 3554 (team A) died: hit another dragon
round 395: bot 3561 (team A) died: hit another dragon
round 395: bot 3141 (team A) died: lost a head-to-head
round 395: bot 3585 (team A) died: lost a head-to-head
round 396: bot 3234 (team A) died: hit another dragon
round 396: bot 3379 (team A) died: hit another dragon
round 396: bot 3432 (team B) died: hit another dragon
round 396: bot 3533 (team B) died: hit another dragon
round 396: bot 3578 (team A) died: hit another dragon
round 396: bot 3599 (team B) died: hit another dragon
round 396: bot 3604 (team B) died: hit another dragon
round 397: bot 3081 (team A) died: hit another dragon
round 397: bot 3473 (team B) died: hit another dragon
round 397: bot 3538 (team A) died: hit another dragon
round 397: bot 3555 (team B) died: hit itself
round 397: bot 3441 (team B) died: lost a head-to-head
round 397: bot 3582 (team B) died: lost a head-to-head
round 397: bot 3589 (team A) died: hit another dragon
round 397: bot 3606 (team A) died: hit another dragon
round 397: bot 3618 (team B) died: hit another dragon
round 398: bot 3640 (team A) died: lost a head-to-head
round 398: bot 3340 (team A) died: lost a head-to-head
round 398: bot 3395 (team B) died: hit another dragon
round 398: bot 3466 (team B) died: hit itself
round 398: bot 3486 (team B) died: hit another dragon
round 398: bot 3576 (team A) died: hit another dragon
round 398: bot 3644 (team B) died: lost a head-to-head
round 398: bot 3614 (team B) died: lost a head-to-head
round 398: bot 3616 (team A) died: hit another dragon
round 398: bot 3632 (team A) died: hit itself
round 398: bot 3638 (team A) died: hit itself
round 399: bot 3422 (team B) died: hit another dragon
round 399: bot 3463 (team B) died: hit another dragon
round 399: bot 3588 (team A) died: hit another dragon
round 399: bot 3596 (team A) died: hit another dragon
round 399: bot 3615 (team B) died: hit another dragon
round 399: bot 3620 (team B) died: hit another dragon
round 399: bot 3623 (team A) died: hit another dragon
round 399: bot 2904 (team B) died: lost a head-to-head
round 399: bot 3629 (team B) died: lost a head-to-head
running round 401/500 --  last: 10.9s  eta: 1m14s  dragons: 60 vs 63
round 400: bot 3550 (team A) died: hit another dragon
round 400: bot 3557 (team B) died: hit another dragon
round 400: bot 3202 (team B) died: lost a head-to-head
round 400: bot 3601 (team B) died: lost a head-to-head
round 400: bot 3607 (team A) died: hit itself
round 400: bot 3622 (team A) died: hit itself
round 400: bot 3627 (team A) died: hit another dragon
round 400: bot 3630 (team A) died: hit another dragon
round 400: bot 3631 (team B) died: hit another dragon
round 400: bot 3637 (team A) died: hit itself
round 400: bot 3658 (team B) died: hit itself
round 401: bot 3325 (team B) died: hit another dragon
round 401: bot 3490 (team A) died: hit itself
round 401: bot 3530 (team B) died: hit another dragon
round 401: bot 3544 (team B) died: hit another dragon
round 401: bot 3612 (team B) died: hit another dragon
round 401: bot 3621 (team B) died: hit itself
round 401: bot 3641 (team A) died: hit itself
round 401: bot 3660 (team A) died: hit another dragon
round 401: bot 3677 (team B) died: hit itself
round 402: bot 3517 (team B) died: hit another dragon
round 402: bot 3547 (team B) died: hit itself
round 402: bot 3652 (team A) died: hit another dragon
round 402: bot 3657 (team B) died: hit itself
round 402: bot 3669 (team B) died: hit itself
round 402: bot 3670 (team A) died: hit another dragon
round 403: bot 3453 (team B) died: hit itself
round 403: bot 3472 (team B) died: hit itself
round 403: bot 3484 (team B) died: hit itself
round 403: bot 3488 (team B) died: hit another dragon
round 403: bot 3527 (team B) died: hit another dragon
round 403: bot 3651 (team A) died: hit another dragon
round 403: bot 3659 (team A) died: hit another dragon
round 403: bot 3673 (team B) died: hit a wall
round 404: bot 3458 (team B) died: hit itself
round 404: bot 3494 (team A) died: hit another dragon
round 404: bot 3516 (team B) died: hit itself
round 404: bot 3549 (team A) died: hit another dragon
round 404: bot 3564 (team B) died: hit another dragon
round 404: bot 3634 (team A) died: hit itself
round 404: bot 3643 (team B) died: hit another dragon
round 404: bot 3646 (team A) died: hit another dragon
round 404: bot 3647 (team A) died: hit another dragon
round 404: bot 3671 (team A) died: hit another dragon
round 404: bot 3679 (team A) died: hit another dragon
round 404: bot 3312 (team B) died: lost a head-to-head
round 404: bot 3688 (team B) died: lost a head-to-head
round 404: bot 3691 (team B) died: hit another dragon
round 405: bot 3483 (team A) died: hit another dragon
round 405: bot 3569 (team B) died: hit another dragon
round 405: bot 3613 (team A) died: hit another dragon
round 405: bot 3633 (team B) died: hit another dragon
round 405: bot 3656 (team A) died: hit another dragon
round 405: bot 3665 (team A) died: hit itself
round 405: bot 3680 (team A) died: hit itself
round 405: bot 3695 (team A) died: hit another dragon
round 406: bot 3413 (team B) died: hit itself
round 406: bot 3535 (team B) died: hit itself
round 406: bot 3583 (team B) died: hit another dragon
round 406: bot 3636 (team B) died: hit itself
round 406: bot 3675 (team B) died: hit another dragon
round 406: bot 3699 (team A) died: hit another dragon
round 406: bot 3722 (team B) died: hit another dragon
round 407: bot 3385 (team B) died: hit another dragon
round 407: bot 3570 (team B) died: lost a head-to-head
round 407: bot 3503 (team B) died: lost a head-to-head
round 407: bot 3579 (team A) died: hit another dragon
round 407: bot 3661 (team B) died: hit another dragon
round 407: bot 3690 (team B) died: hit itself
round 407: bot 3705 (team A) died: hit another dragon
round 407: bot 3706 (team A) died: hit itself
round 408: bot 3528 (team B) died: lost a head-to-head
round 408: bot 3605 (team B) died: lost a head-to-head
round 408: bot 3625 (team B) died: hit another dragon
round 408: bot 3654 (team B) died: hit another dragon
round 408: bot 3697 (team A) died: hit another dragon
round 408: bot 3698 (team A) died: hit another dragon
round 408: bot 3715 (team A) died: hit another dragon
round 408: bot 3726 (team B) died: hit another dragon
round 408: bot 3730 (team B) died: hit another dragon
round 409: bot 3332 (team B) died: hit another dragon
round 409: bot 3584 (team B) died: hit another dragon
round 409: bot 3600 (team B) died: hit itself
round 409: bot 3626 (team A) died: hit itself
round 409: bot 3684 (team A) died: hit itself
round 409: bot 3708 (team A) died: hit another dragon
round 409: bot 3714 (team B) died: hit another dragon
round 409: bot 3734 (team B) died: hit another dragon
round 409: bot 3749 (team A) died: hit a wall
round 410: bot 3459 (team B) died: hit itself
round 410: bot 3586 (team B) died: hit another dragon
round 410: bot 3587 (team A) died: hit itself
round 410: bot 3595 (team B) died: hit itself
round 410: bot 3642 (team B) died: hit another dragon
round 410: bot 3653 (team B) died: hit another dragon
round 410: bot 3672 (team B) died: hit itself
round 410: bot 3682 (team B) died: hit another dragon
round 410: bot 3694 (team A) died: hit itself
round 410: bot 3704 (team B) died: hit itself
round 410: bot 3736 (team A) died: hit itself
round 410: bot 3754 (team A) died: hit itself
round 410: bot 3757 (team B) died: hit itself
round 411: bot 2976 (team A) died: hit another dragon
round 411: bot 3350 (team A) died: hit another dragon
round 411: bot 3492 (team A) died: hit itself
round 411: bot 3573 (team B) died: hit another dragon
round 411: bot 3709 (team A) died: hit itself
round 411: bot 3717 (team A) died: hit itself
round 411: bot 3737 (team A) died: hit another dragon
round 411: bot 3468 (team A) died: lost a head-to-head
round 411: bot 3753 (team A) died: lost a head-to-head
round 412: bot 3700 (team B) died: hit itself
round 412: bot 3707 (team B) died: hit another dragon
round 412: bot 3727 (team A) died: hit itself
round 412: bot 3733 (team A) died: hit another dragon
round 412: bot 3743 (team A) died: hit another dragon
round 412: bot 3748 (team B) died: hit another dragon
round 412: bot 3777 (team A) died: hit another dragon
round 412: bot 3755 (team B) died: lost a head-to-head
round 412: bot 3783 (team B) died: lost a head-to-head
round 412: bot 3785 (team A) died: hit itself
round 413: bot 3389 (team A) died: hit another dragon
round 413: bot 3393 (team A) died: hit another dragon
round 413: bot 3590 (team B) died: hit another dragon
round 413: bot 3628 (team B) died: hit another dragon
round 413: bot 3681 (team B) died: hit another dragon
round 413: bot 3686 (team A) died: hit another dragon
round 413: bot 3687 (team B) died: hit itself
round 413: bot 3703 (team B) died: hit another dragon
round 413: bot 3735 (team A) died: hit another dragon
round 413: bot 3746 (team B) died: hit itself
round 413: bot 3752 (team A) died: hit another dragon
round 413: bot 3763 (team B) died: hit another dragon
round 413: bot 3724 (team B) died: lost a head-to-head
round 413: bot 3771 (team B) died: lost a head-to-head
round 414: bot 2826 (team A) died: hit a wall
round 414: bot 3442 (team B) died: hit itself
round 414: bot 3608 (team A) died: hit another dragon
round 414: bot 3710 (team A) died: hit itself
round 414: bot 3718 (team B) died: hit another dragon
round 414: bot 3779 (team B) died: hit another dragon
round 414: bot 3800 (team B) died: hit itself
round 414: bot 3807 (team A) died: hit itself
round 415: bot 3474 (team B) died: hit another dragon
round 415: bot 3563 (team A) died: hit another dragon
round 415: bot 3723 (team B) died: hit another dragon
round 415: bot 3742 (team B) died: hit itself
round 415: bot 3745 (team B) died: hit another dragon
round 415: bot 3751 (team B) died: hit another dragon
round 415: bot 3663 (team B) died: lost a head-to-head
round 415: bot 3760 (team B) died: lost a head-to-head
round 415: bot 3767 (team A) died: hit another dragon
round 415: bot 3776 (team A) died: hit itself
round 415: bot 3802 (team B) died: hit another dragon
round 415: bot 3720 (team B) died: lost a head-to-head
round 415: bot 3805 (team B) died: lost a head-to-head
round 415: bot 3808 (team B) died: hit itself
round 415: bot 3819 (team B) died: hit another dragon
round 416: bot 3619 (team B) died: hit another dragon
round 416: bot 3635 (team B) died: hit another dragon
round 416: bot 3666 (team B) died: hit a wall
round 416: bot 3689 (team B) died: hit itself
round 416: bot 3485 (team B) died: lost a head-to-head
round 416: bot 3713 (team B) died: lost a head-to-head
round 416: bot 3744 (team A) died: hit another dragon
round 416: bot 3766 (team A) died: hit itself
round 416: bot 3769 (team A) died: hit another dragon
round 416: bot 3799 (team B) died: hit another dragon
round 417: bot 3523 (team A) died: hit another dragon
round 417: bot 3786 (team A) died: lost a head-to-head
round 417: bot 3566 (team A) died: lost a head-to-head
round 417: bot 3721 (team B) died: hit another dragon
round 417: bot 3774 (team A) died: hit another dragon
round 417: bot 3775 (team A) died: hit itself
round 417: bot 3836 (team A) died: lost a head-to-head
round 417: bot 3784 (team A) died: lost a head-to-head
round 417: bot 3795 (team B) died: hit itself
round 418: bot 3764 (team B) died: hit another dragon
round 418: bot 3765 (team A) died: hit itself
round 418: bot 3782 (team A) died: hit another dragon
round 418: bot 3790 (team B) died: hit another dragon
round 418: bot 3797 (team B) died: hit another dragon
round 418: bot 3798 (team A) died: hit itself
round 419: bot 3702 (team A) died: lost a head-to-head
round 419: bot 3610 (team A) died: lost a head-to-head
round 419: bot 3667 (team B) died: hit another dragon
round 419: bot 3739 (team B) died: hit another dragon
round 419: bot 3803 (team A) died: hit a wall
round 419: bot 3844 (team A) died: hit another dragon
round 420: bot 3418 (team B) died: hit another dragon
round 420: bot 3515 (team A) died: hit itself
round 420: bot 3676 (team B) died: hit itself
round 420: bot 3692 (team B) died: hit itself
round 420: bot 3712 (team B) died: hit itself
round 420: bot 3740 (team B) died: hit another dragon
round 420: bot 3750 (team B) died: hit itself
round 420: bot 3792 (team B) died: hit itself
round 420: bot 3832 (team A) died: hit another dragon
round 420: bot 3833 (team A) died: hit a wall
round 420: bot 3841 (team B) died: hit itself
round 421: bot 3180 (team A) died: hit itself
round 421: bot 3732 (team B) died: hit another dragon
round 421: bot 3758 (team B) died: hit another dragon
round 421: bot 3806 (team A) died: hit another dragon
round 421: bot 3817 (team A) died: hit another dragon
round 421: bot 3827 (team B) died: hit another dragon
round 421: bot 3849 (team A) died: hit another dragon
round 421: bot 3861 (team B) died: hit itself
round 421: bot 3870 (team B) died: hit itself
round 422: bot 3696 (team A) died: hit another dragon
round 422: bot 3860 (team B) died: lost a head-to-head
round 422: bot 3780 (team B) died: lost a head-to-head
round 422: bot 3831 (team B) died: hit another dragon
round 422: bot 3855 (team A) died: hit itself
round 422: bot 3856 (team B) died: hit another dragon
round 422: bot 3868 (team A) died: hit another dragon
round 422: bot 3883 (team A) died: hit another dragon
round 423: bot 3648 (team A) died: hit another dragon
round 423: bot 3850 (team A) died: lost a head-to-head
round 423: bot 3683 (team B) died: lost a head-to-head
round 423: bot 3741 (team B) died: hit another dragon
round 423: bot 3793 (team B) died: hit another dragon
round 423: bot 3830 (team B) died: hit another dragon
round 423: bot 3842 (team A) died: hit itself
round 423: bot 3858 (team B) died: hit another dragon
round 423: bot 3878 (team B) died: hit another dragon
round 424: bot 3522 (team A) died: hit another dragon
round 424: bot 3716 (team B) died: hit another dragon
round 424: bot 3791 (team B) died: hit itself
round 424: bot 3891 (team B) died: lost a head-to-head
round 424: bot 3834 (team B) died: lost a head-to-head
round 424: bot 3847 (team A) died: hit another dragon
round 424: bot 3884 (team A) died: hit itself
round 424: bot 3885 (team B) died: hit another dragon
round 425: bot 3597 (team B) died: hit itself
round 425: bot 3781 (team A) died: hit another dragon
round 425: bot 3822 (team B) died: hit another dragon
round 425: bot 3838 (team A) died: hit itself
round 425: bot 3840 (team A) died: hit another dragon
round 425: bot 3862 (team B) died: hit another dragon
round 425: bot 3875 (team B) died: hit another dragon
round 425: bot 3879 (team B) died: hit another dragon
round 426: bot 3609 (team A) died: hit another dragon
round 426: bot 3789 (team A) died: lost a head-to-head
round 426: bot 3655 (team A) died: lost a head-to-head
round 426: bot 3756 (team B) died: hit another dragon
round 426: bot 3772 (team B) died: hit itself
round 426: bot 3811 (team B) died: hit another dragon
round 426: bot 3843 (team A) died: hit another dragon
round 426: bot 3890 (team B) died: hit another dragon
round 426: bot 3916 (team A) died: hit itself
round 427: bot 3513 (team B) died: hit itself
round 427: bot 3759 (team B) died: hit itself
round 427: bot 3829 (team B) died: hit another dragon
round 427: bot 3857 (team A) died: hit itself
round 427: bot 3912 (team A) died: hit another dragon
round 428: bot 3738 (team A) died: lost a head-to-head
round 428: bot 3447 (team A) died: lost a head-to-head
round 428: bot 3853 (team A) died: lost a head-to-head
round 428: bot 3617 (team A) died: lost a head-to-head
round 428: bot 3731 (team B) died: hit another dragon
round 428: bot 3788 (team B) died: hit itself
round 428: bot 3863 (team B) died: hit itself
round 428: bot 3876 (team A) died: hit another dragon
round 428: bot 3896 (team A) died: lost a head-to-head
round 428: bot 3897 (team A) died: lost a head-to-head
round 428: bot 3900 (team B) died: hit itself
round 428: bot 3934 (team A) died: hit another dragon
round 429: bot 3436 (team A) died: lost a head-to-head
round 429: bot 3664 (team A) died: lost a head-to-head
round 429: bot 3678 (team B) died: hit another dragon
round 429: bot 3770 (team A) died: hit itself
round 429: bot 3814 (team B) died: hit itself
round 429: bot 3848 (team B) died: hit another dragon
round 429: bot 3871 (team B) died: hit another dragon
round 429: bot 3873 (team A) died: hit itself
round 429: bot 3882 (team A) died: hit itself
round 429: bot 3888 (team B) died: hit itself
round 429: bot 3894 (team B) died: hit itself
round 429: bot 3901 (team B) died: hit another dragon
round 429: bot 3918 (team A) died: hit another dragon
round 429: bot 3933 (team A) died: hit itself
round 430: bot 3519 (team B) died: hit itself
round 430: bot 3649 (team B) died: hit another dragon
round 430: bot 3768 (team A) died: hit another dragon
round 430: bot 3869 (team B) died: hit another dragon
round 430: bot 3886 (team B) died: hit itself
round 430: bot 3902 (team A) died: hit another dragon
round 430: bot 3915 (team B) died: lost a head-to-head
round 430: bot 3942 (team B) died: lost a head-to-head
round 431: bot 3624 (team B) died: hit another dragon
round 431: bot 3711 (team A) died: hit another dragon
round 431: bot 3729 (team B) died: hit itself
round 431: bot 3823 (team B) died: hit itself
round 431: bot 3846 (team B) died: hit another dragon
round 431: bot 3877 (team B) died: hit another dragon
round 431: bot 3940 (team B) died: hit another dragon
round 432: bot 3845 (team B) died: hit itself
round 432: bot 3899 (team A) died: hit itself
round 432: bot 3948 (team A) died: hit another dragon
round 432: bot 3954 (team B) died: hit itself
round 433: bot 3195 (team A) died: hit another dragon
round 433: bot 3645 (team B) died: hit another dragon
round 433: bot 3796 (team B) died: hit another dragon
round 433: bot 3816 (team A) died: hit itself
round 433: bot 3818 (team B) died: hit another dragon
round 433: bot 3893 (team A) died: hit itself
round 433: bot 3895 (team B) died: hit another dragon
round 433: bot 3787 (team B) died: lost a head-to-head
round 433: bot 3911 (team B) died: lost a head-to-head
round 433: bot 3958 (team B) died: hit itself
round 434: bot 3701 (team B) died: hit another dragon
round 434: bot 3825 (team A) died: hit another dragon
round 434: bot 3866 (team A) died: hit another dragon
round 434: bot 3867 (team A) died: hit itself
round 434: bot 3905 (team B) died: hit itself
round 434: bot 3887 (team B) died: lost a head-to-head
round 434: bot 3950 (team B) died: lost a head-to-head
round 434: bot 3854 (team A) died: lost a head-to-head
round 434: bot 3963 (team A) died: lost a head-to-head
round 435: bot 3693 (team B) died: hit another dragon
round 435: bot 3813 (team B) died: hit another dragon
round 435: bot 3859 (team B) died: hit itself
round 435: bot 3903 (team A) died: hit itself
round 435: bot 3923 (team A) died: hit another dragon
round 435: bot 3929 (team A) died: hit another dragon
round 435: bot 3945 (team B) died: hit another dragon
round 435: bot 3949 (team B) died: hit another dragon
round 435: bot 3951 (team A) died: hit another dragon
round 435: bot 3964 (team B) died: hit another dragon
round 436: bot 3480 (team A) died: hit another dragon
round 436: bot 3809 (team B) died: hit another dragon
round 436: bot 3872 (team A) died: hit itself
round 436: bot 3898 (team B) died: hit itself
round 436: bot 3914 (team A) died: hit another dragon
round 436: bot 3925 (team B) died: hit a wall
round 436: bot 3931 (team A) died: hit another dragon
round 436: bot 3932 (team A) died: hit another dragon
round 436: bot 3968 (team B) died: hit another dragon
round 436: bot 3969 (team B) died: hit another dragon
round 436: bot 3971 (team A) died: hit itself
round 436: bot 3977 (team B) died: hit itself
round 436: bot 3987 (team A) died: hit another dragon
round 436: bot 3996 (team B) died: hit itself
round 437: bot 3812 (team A) died: hit itself
round 437: bot 3815 (team B) died: hit itself
round 437: bot 3828 (team B) died: hit another dragon
round 437: bot 3852 (team B) died: hit another dragon
round 437: bot 3926 (team B) died: hit another dragon
round 437: bot 3972 (team A) died: hit another dragon
round 437: bot 3973 (team A) died: hit itself
round 437: bot 3978 (team A) died: hit another dragon
round 437: bot 3986 (team A) died: hit another dragon
round 437: bot 3988 (team B) died: hit another dragon
round 437: bot 4000 (team B) died: hit itself
round 438: bot 3794 (team A) died: hit another dragon
round 438: bot 3824 (team B) died: hit itself
round 438: bot 3941 (team B) died: hit another dragon
round 438: bot 3953 (team B) died: hit itself
round 438: bot 3961 (team B) died: hit itself
round 438: bot 4027 (team A) died: hit another dragon
round 439: bot 3919 (team B) died: hit itself
round 439: bot 3927 (team B) died: hit another dragon
round 439: bot 3939 (team B) died: hit itself
round 439: bot 3947 (team A) died: hit another dragon
round 439: bot 3956 (team B) died: hit another dragon
round 439: bot 3970 (team B) died: hit itself
round 439: bot 3976 (team B) died: hit another dragon
round 439: bot 4009 (team A) died: hit another dragon
round 439: bot 3967 (team B) died: lost a head-to-head
round 439: bot 4023 (team B) died: lost a head-to-head
round 440: bot 3662 (team A) died: hit itself
round 440: bot 3668 (team B) died: hit itself
round 440: bot 3907 (team B) died: hit itself
round 440: bot 3937 (team A) died: hit itself
round 440: bot 3989 (team B) died: hit another dragon
round 440: bot 3994 (team B) died: hit another dragon
round 440: bot 4008 (team B) died: hit another dragon
round 440: bot 4030 (team B) died: hit another dragon
round 440: bot 3990 (team B) died: lost a head-to-head
round 440: bot 4037 (team B) died: lost a head-to-head
round 440: bot 4045 (team A) died: hit itself
round 441: bot 3685 (team A) died: hit itself
round 441: bot 3880 (team A) died: hit itself
round 441: bot 3959 (team B) died: hit another dragon
round 441: bot 3908 (team A) died: lost a head-to-head
round 441: bot 3984 (team B) died: lost a head-to-head
round 441: bot 4020 (team B) died: hit another dragon
round 441: bot 4025 (team A) died: hit another dragon
round 441: bot 4041 (team B) died: hit another dragon
round 442: bot 3839 (team A) died: hit another dragon
round 442: bot 3921 (team B) died: hit itself
round 442: bot 4022 (team B) died: lost a head-to-head
round 442: bot 3995 (team B) died: lost a head-to-head
round 442: bot 4024 (team A) died: hit another dragon
round 443: bot 3913 (team B) died: hit itself
round 443: bot 3992 (team A) died: hit another dragon
round 443: bot 3979 (team B) died: lost a head-to-head
round 443: bot 4014 (team B) died: lost a head-to-head
round 443: bot 4047 (team B) died: hit another dragon
round 443: bot 4060 (team B) died: hit another dragon
round 444: bot 3571 (team B) died: hit itself
round 444: bot 3820 (team B) died: hit another dragon
round 444: bot 3889 (team A) died: hit another dragon
round 444: bot 3993 (team A) died: hit another dragon
round 444: bot 4006 (team B) died: hit another dragon
round 444: bot 4007 (team A) died: hit itself
round 444: bot 4012 (team B) died: hit another dragon
round 444: bot 4026 (team A) died: hit itself
round 444: bot 4066 (team B) died: hit itself
round 445: bot 3725 (team A) died: hit another dragon
round 445: bot 3957 (team A) died: hit another dragon
round 445: bot 3997 (team A) died: hit another dragon
round 445: bot 4029 (team B) died: hit itself
round 445: bot 4070 (team B) died: hit another dragon
round 445: bot 4073 (team B) died: hit itself
round 446: bot 4080 (team A) died: lost a head-to-head
round 446: bot 3367 (team A) died: lost a head-to-head
round 446: bot 3639 (team A) died: hit another dragon
round 446: bot 3874 (team B) died: hit another dragon
round 446: bot 3985 (team B) died: hit another dragon
round 446: bot 4032 (team B) died: hit another dragon
round 446: bot 4051 (team A) died: hit another dragon
round 446: bot 4053 (team A) died: hit another dragon
round 446: bot 4069 (team A) died: hit another dragon
round 446: bot 4072 (team A) died: hit another dragon
round 446: bot 4077 (team B) died: hit another dragon
round 447: bot 3562 (team A) died: hit itself
round 447: bot 3837 (team B) died: hit itself
round 447: bot 3930 (team B) died: hit itself
round 447: bot 4034 (team B) died: hit a wall
round 447: bot 4085 (team B) died: hit another dragon
round 448: bot 3910 (team B) died: hit another dragon
round 448: bot 4046 (team B) died: hit itself
round 449: bot 3917 (team A) died: hit another dragon
round 449: bot 3936 (team B) died: hit itself
round 449: bot 3943 (team A) died: hit another dragon
round 449: bot 4015 (team B) died: hit another dragon
round 449: bot 4017 (team B) died: hit another dragon
round 449: bot 4039 (team A) died: hit itself
round 449: bot 4059 (team B) died: hit another dragon
round 449: bot 4101 (team B) died: hit another dragon
running round 451/500 --  last: 1.2s  eta: 39.0s  dragons: 63 vs 63
round 450: bot 3946 (team B) died: hit itself
round 450: bot 3975 (team B) died: hit another dragon
round 450: bot 4031 (team B) died: hit another dragon
round 450: bot 4040 (team A) died: hit another dragon
round 450: bot 4075 (team A) died: hit itself
round 450: bot 4086 (team B) died: hit itself
round 450: bot 4087 (team B) died: hit another dragon
round 450: bot 4092 (team A) died: hit another dragon
round 450: bot 4104 (team A) died: hit another dragon
round 451: bot 3437 (team B) died: hit another dragon
round 451: bot 3835 (team A) died: hit another dragon
round 451: bot 3980 (team B) died: hit itself
round 451: bot 4035 (team B) died: hit itself
round 451: bot 4044 (team B) died: hit another dragon
round 451: bot 4068 (team B) died: hit itself
round 451: bot 4093 (team B) died: hit another dragon
round 451: bot 4102 (team B) died: hit itself
round 451: bot 4064 (team B) died: lost a head-to-head
round 451: bot 4111 (team B) died: lost a head-to-head
round 452: bot 3935 (team A) died: hit another dragon
round 452: bot 4001 (team B) died: hit itself
round 452: bot 4004 (team A) died: hit another dragon
round 452: bot 4042 (team B) died: hit itself
round 452: bot 4097 (team B) died: hit another dragon
round 452: bot 4107 (team A) died: hit itself
round 452: bot 4114 (team B) died: hit another dragon
round 452: bot 4117 (team B) died: hit itself
round 453: bot 3122 (team A) died: hit another dragon
round 453: bot 3283 (team A) died: hit another dragon
round 453: bot 3851 (team B) died: hit another dragon
round 453: bot 3998 (team B) died: hit another dragon
round 453: bot 4074 (team B) died: hit another dragon
round 453: bot 4088 (team B) died: hit another dragon
round 453: bot 4096 (team A) died: hit another dragon
round 453: bot 4100 (team B) died: hit another dragon
round 454: bot 3593 (team A) died: hit another dragon
round 454: bot 3965 (team A) died: hit another dragon
round 454: bot 4019 (team B) died: hit another dragon
round 454: bot 4043 (team B) died: hit itself
round 454: bot 4063 (team B) died: hit another dragon
round 455: bot 4048 (team B) died: hit a wall
round 455: bot 4050 (team B) died: hit another dragon
round 455: bot 4079 (team A) died: hit itself
round 455: bot 4094 (team A) died: hit itself
round 455: bot 4124 (team A) died: hit another dragon
round 455: bot 4132 (team A) died: hit itself
round 455: bot 4142 (team A) died: hit itself
round 455: bot 4143 (team A) died: hit another dragon
round 455: bot 4144 (team B) died: hit itself
round 456: bot 3821 (team B) died: hit itself
round 456: bot 3906 (team B) died: hit another dragon
round 456: bot 3909 (team A) died: hit another dragon
round 456: bot 3944 (team B) died: hit another dragon
round 456: bot 4003 (team B) died: hit itself
round 456: bot 4058 (team B) died: hit another dragon
round 456: bot 4062 (team A) died: hit itself
round 456: bot 4095 (team A) died: hit itself
round 456: bot 4113 (team B) died: hit another dragon
round 456: bot 4122 (team B) died: hit itself
round 456: bot 4125 (team A) died: hit itself
round 456: bot 4167 (team A) died: lost a head-to-head
round 456: bot 4131 (team A) died: lost a head-to-head
round 456: bot 4139 (team B) died: hit another dragon
round 457: bot 3747 (team B) died: hit another dragon
round 457: bot 3801 (team A) died: hit another dragon
round 457: bot 3865 (team B) died: hit itself
round 457: bot 3960 (team A) died: hit another dragon
round 457: bot 4065 (team A) died: hit another dragon
round 457: bot 4126 (team B) died: hit another dragon
round 457: bot 4130 (team B) died: hit another dragon
round 457: bot 4137 (team B) died: hit itself
round 457: bot 4147 (team A) died: hit itself
round 457: bot 4151 (team B) died: hit another dragon
round 457: bot 4153 (team A) died: hit another dragon
round 457: bot 4156 (team A) died: hit another dragon
round 457: bot 4157 (team B) died: hit itself
round 458: bot 3966 (team A) died: hit another dragon
round 458: bot 4013 (team B) died: hit another dragon
round 458: bot 4084 (team B) died: hit another dragon
round 458: bot 4133 (team B) died: hit another dragon
round 458: bot 4158 (team A) died: hit another dragon
round 458: bot 4161 (team B) died: hit another dragon
round 458: bot 4170 (team A) died: hit itself
round 458: bot 4171 (team A) died: hit another dragon
round 459: bot 4076 (team A) died: hit another dragon
round 459: bot 4090 (team B) died: hit another dragon
round 459: bot 4119 (team B) died: hit itself
round 459: bot 4127 (team B) died: hit another dragon
round 459: bot 4140 (team B) died: hit another dragon
round 459: bot 4162 (team A) died: hit another dragon
round 459: bot 4172 (team A) died: hit another dragon
round 459: bot 4183 (team B) died: hit itself
round 460: bot 3773 (team A) died: hit another dragon
round 460: bot 3892 (team B) died: hit another dragon
round 460: bot 3955 (team B) died: hit itself
round 460: bot 4033 (team B) died: hit another dragon
round 460: bot 4052 (team B) died: hit a wall
round 460: bot 4061 (team A) died: hit another dragon
round 460: bot 4078 (team B) died: hit itself
round 460: bot 4116 (team A) died: hit itself
round 460: bot 4120 (team B) died: hit a wall
round 460: bot 4149 (team A) died: hit itself
round 460: bot 4176 (team A) died: hit itself
round 460: bot 4180 (team B) died: hit another dragon
round 460: bot 4182 (team B) died: hit another dragon
round 460: bot 4193 (team B) died: hit itself
round 460: bot 4203 (team A) died: hit another dragon
round 461: bot 3591 (team A) died: hit itself
round 461: bot 4054 (team B) died: lost a head-to-head
round 461: bot 3904 (team B) died: lost a head-to-head
round 461: bot 4016 (team B) died: hit itself
round 461: bot 4115 (team B) died: hit itself
round 461: bot 4148 (team A) died: hit itself
round 461: bot 4150 (team B) died: hit another dragon
round 461: bot 4152 (team A) died: hit another dragon
round 461: bot 4190 (team A) died: hit another dragon
round 461: bot 4214 (team B) died: hit itself
round 462: bot 4002 (team A) died: hit itself
round 462: bot 4028 (team B) died: hit itself
round 462: bot 4177 (team A) died: hit another dragon
round 462: bot 4186 (team A) died: hit another dragon
round 462: bot 4199 (team A) died: hit another dragon
round 462: bot 4231 (team A) died: hit itself
round 463: bot 4010 (team B) died: hit another dragon
round 463: bot 4108 (team B) died: hit another dragon
round 463: bot 4184 (team A) died: hit itself
round 463: bot 4196 (team B) died: hit itself
round 463: bot 4215 (team A) died: hit another dragon
round 464: bot 3491 (team A) died: hit itself
round 464: bot 4057 (team A) died: hit another dragon
round 464: bot 4103 (team B) died: hit another dragon
round 464: bot 4129 (team B) died: hit itself
round 464: bot 4138 (team B) died: hit another dragon
round 464: bot 4155 (team A) died: hit itself
round 464: bot 4160 (team B) died: hit a wall
round 464: bot 4202 (team B) died: hit itself
round 464: bot 4220 (team B) died: hit another dragon
round 464: bot 4223 (team A) died: hit itself
round 464: bot 4233 (team B) died: lost a head-to-head
round 464: bot 4228 (team B) died: lost a head-to-head
round 464: bot 4234 (team B) died: hit another dragon
round 465: bot 3778 (team A) died: hit another dragon
round 465: bot 3826 (team B) died: hit itself
round 465: bot 4105 (team A) died: hit another dragon
round 465: bot 4141 (team B) died: hit itself
round 465: bot 4163 (team B) died: hit another dragon
round 465: bot 4168 (team B) died: hit another dragon
round 465: bot 4178 (team B) died: hit itself
round 465: bot 4194 (team B) died: lost a head-to-head
round 465: bot 4248 (team B) died: lost a head-to-head
round 466: bot 3581 (team A) died: hit itself
round 466: bot 3938 (team B) died: hit another dragon
round 466: bot 3983 (team A) died: hit another dragon
round 466: bot 4174 (team B) died: lost a head-to-head
round 466: bot 4201 (team B) died: lost a head-to-head
round 466: bot 4123 (team B) died: lost a head-to-head
round 466: bot 4221 (team B) died: lost a head-to-head
round 466: bot 4232 (team A) died: hit another dragon
round 466: bot 4249 (team B) died: hit another dragon
round 466: bot 4259 (team B) died: hit itself
round 467: bot 4049 (team B) died: hit a wall
round 467: bot 4106 (team A) died: hit itself
round 467: bot 4197 (team A) died: hit another dragon
round 467: bot 4224 (team A) died: hit itself
round 467: bot 4238 (team A) died: hit another dragon
round 467: bot 4242 (team B) died: hit another dragon
round 467: bot 4256 (team A) died: hit itself
round 468: bot 3881 (team B) died: hit another dragon
round 468: bot 4083 (team B) died: hit another dragon
round 468: bot 4091 (team B) died: hit another dragon
round 468: bot 4112 (team B) died: hit another dragon
round 468: bot 4229 (team A) died: hit another dragon
round 468: bot 4251 (team A) died: hit itself
round 468: bot 4254 (team B) died: hit another dragon
round 468: bot 4276 (team A) died: hit another dragon
round 469: bot 3810 (team B) died: hit itself
round 469: bot 3928 (team A) died: hit itself
round 469: bot 4038 (team A) died: hit itself
round 469: bot 4165 (team B) died: hit itself
round 469: bot 4188 (team B) died: hit another dragon
round 469: bot 4260 (team A) died: hit itself
round 469: bot 4265 (team A) died: hit another dragon
round 469: bot 4270 (team B) died: hit another dragon
round 469: bot 4271 (team A) died: hit another dragon
round 469: bot 4285 (team B) died: hit another dragon
round 470: bot 3982 (team A) died: hit another dragon
round 470: bot 4110 (team B) died: hit another dragon
round 470: bot 4208 (team B) died: hit another dragon
round 470: bot 4218 (team B) died: hit another dragon
round 470: bot 4226 (team B) died: hit another dragon
round 470: bot 4227 (team A) died: hit another dragon
round 470: bot 4263 (team A) died: hit another dragon
round 471: bot 3981 (team A) died: lost a head-to-head
round 471: bot 2985 (team A) died: lost a head-to-head
round 471: bot 3991 (team A) died: hit itself
round 471: bot 4209 (team B) died: lost a head-to-head
round 471: bot 4128 (team B) died: lost a head-to-head
round 471: bot 4294 (team B) died: lost a head-to-head
round 471: bot 4195 (team B) died: lost a head-to-head
round 471: bot 4267 (team B) died: hit another dragon
round 471: bot 4274 (team B) died: hit another dragon
round 471: bot 4282 (team A) died: hit itself
round 471: bot 4277 (team B) died: lost a head-to-head
round 471: bot 4310 (team B) died: lost a head-to-head
round 472: bot 3999 (team A) died: hit another dragon
round 472: bot 4109 (team A) died: hit another dragon
round 472: bot 4169 (team B) died: hit itself
round 472: bot 4191 (team A) died: hit another dragon
round 472: bot 4243 (team B) died: hit another dragon
round 472: bot 4253 (team B) died: hit another dragon
round 472: bot 4266 (team B) died: hit itself
round 472: bot 4268 (team B) died: hit another dragon
round 472: bot 4286 (team A) died: hit another dragon
round 473: bot 3952 (team B) died: hit another dragon
round 473: bot 4222 (team B) died: hit another dragon
round 473: bot 4247 (team B) died: hit another dragon
round 473: bot 4258 (team B) died: hit itself
round 473: bot 4278 (team B) died: hit another dragon
round 473: bot 4289 (team A) died: hit itself
round 473: bot 4290 (team B) died: hit another dragon
round 473: bot 4311 (team A) died: hit another dragon
round 473: bot 4145 (team B) died: lost a head-to-head
round 473: bot 4329 (team A) died: lost a head-to-head
round 474: bot 4011 (team A) died: hit another dragon
round 474: bot 4216 (team B) died: hit another dragon
round 474: bot 4264 (team B) died: hit a wall
round 474: bot 4273 (team A) died: hit itself
round 474: bot 4280 (team B) died: hit another dragon
round 474: bot 4284 (team A) died: hit itself
round 474: bot 4326 (team B) died: lost a head-to-head
round 474: bot 4312 (team B) died: lost a head-to-head
round 474: bot 4318 (team B) died: hit itself
round 474: bot 4327 (team A) died: hit another dragon
round 474: bot 4338 (team B) died: hit another dragon
round 475: bot 4067 (team B) died: hit itself
round 475: bot 4134 (team B) died: hit another dragon
round 475: bot 4146 (team B) died: hit a wall
round 475: bot 4206 (team B) died: hit another dragon
round 475: bot 4237 (team A) died: hit another dragon
round 476: bot 4118 (team A) died: hit itself
round 476: bot 4235 (team B) died: hit another dragon
round 476: bot 4272 (team A) died: hit another dragon
round 476: bot 4283 (team A) died: hit another dragon
round 476: bot 4321 (team B) died: hit another dragon
round 476: bot 4330 (team A) died: hit itself
round 476: bot 4331 (team A) died: hit itself
round 477: bot 3650 (team B) died: hit another dragon
round 477: bot 4159 (team B) died: hit itself
round 477: bot 4303 (team B) died: hit itself
round 477: bot 4309 (team A) died: hit another dragon
round 477: bot 4325 (team B) died: hit another dragon
round 478: bot 4135 (team B) died: hit itself
round 478: bot 4299 (team B) died: hit another dragon
round 478: bot 4322 (team A) died: hit another dragon
round 478: bot 4349 (team B) died: hit itself
round 478: bot 4351 (team B) died: hit another dragon
round 479: bot 3962 (team A) died: hit another dragon
round 479: bot 4166 (team B) died: hit itself
round 479: bot 4219 (team B) died: hit another dragon
round 479: bot 4250 (team B) died: hit itself
round 479: bot 4257 (team B) died: hit a wall
round 479: bot 4346 (team A) died: hit another dragon
round 479: bot 4359 (team A) died: hit another dragon
round 479: bot 4347 (team A) died: lost a head-to-head
round 479: bot 4366 (team A) died: lost a head-to-head
round 480: bot 4181 (team A) died: hit a wall
round 480: bot 4313 (team B) died: hit another dragon
round 480: bot 4316 (team B) died: hit another dragon
round 480: bot 4339 (team B) died: hit another dragon
round 480: bot 4342 (team B) died: hit another dragon
round 480: bot 4354 (team B) died: hit itself
round 480: bot 4364 (team B) died: hit itself
round 480: bot 4340 (team B) died: lost a head-to-head
round 480: bot 4369 (team B) died: lost a head-to-head
round 481: bot 4192 (team B) died: hit another dragon
round 481: bot 4244 (team A) died: hit itself
round 481: bot 4261 (team B) died: hit another dragon
round 481: bot 4301 (team A) died: hit another dragon
round 481: bot 4380 (team B) died: lost a head-to-head
round 481: bot 4308 (team B) died: lost a head-to-head
round 481: bot 4348 (team A) died: hit itself
round 482: bot 3920 (team B) died: hit another dragon
round 482: bot 4245 (team B) died: hit itself
round 482: bot 4291 (team B) died: hit itself
round 482: bot 4336 (team B) died: hit a wall
round 482: bot 4353 (team A) died: hit another dragon
round 482: bot 4360 (team B) died: hit another dragon
round 482: bot 4377 (team B) died: hit itself
round 483: bot 4154 (team A) died: hit another dragon
round 483: bot 4185 (team B) died: hit another dragon
round 483: bot 4246 (team B) died: lost a head-to-head
round 483: bot 4213 (team A) died: lost a head-to-head
round 483: bot 4385 (team B) died: hit another dragon
round 483: bot 4388 (team B) died: hit another dragon
round 483: bot 4398 (team A) died: hit another dragon
round 483: bot 4379 (team A) died: lost a head-to-head
round 483: bot 4401 (team A) died: lost a head-to-head
round 484: bot 4164 (team A) died: hit another dragon
round 484: bot 4255 (team B) died: hit another dragon
round 484: bot 4307 (team B) died: hit another dragon
round 484: bot 4317 (team B) died: hit another dragon
round 484: bot 4361 (team B) died: hit another dragon
round 484: bot 4390 (team A) died: hit another dragon
round 484: bot 4314 (team B) died: lost a head-to-head
round 484: bot 4409 (team B) died: lost a head-to-head
round 485: bot 4081 (team A) died: hit another dragon
round 485: bot 4275 (team A) died: hit another dragon
round 485: bot 4287 (team B) died: hit itself
round 485: bot 4305 (team A) died: hit another dragon
round 485: bot 4358 (team A) died: hit another dragon
round 485: bot 4382 (team B) died: hit itself
round 485: bot 4393 (team B) died: hit another dragon
round 485: bot 4397 (team B) died: hit another dragon
round 485: bot 4406 (team A) died: hit itself
round 485: bot 4407 (team B) died: hit another dragon
round 485: bot 4417 (team A) died: lost a head-to-head
round 485: bot 4418 (team A) died: lost a head-to-head
round 485: bot 4421 (team B) died: hit another dragon
round 486: bot 4187 (team A) died: hit another dragon
round 486: bot 4189 (team B) died: hit another dragon
round 486: bot 4296 (team A) died: hit another dragon
round 486: bot 4323 (team B) died: hit itself
round 486: bot 4404 (team A) died: hit another dragon
round 487: bot 4207 (team A) died: hit itself
round 487: bot 4179 (team B) died: lost a head-to-head
round 487: bot 4281 (team B) died: lost a head-to-head
round 487: bot 4383 (team B) died: hit another dragon
round 487: bot 4387 (team B) died: hit another dragon
round 487: bot 4412 (team A) died: hit another dragon
round 488: bot 4055 (team B) died: hit itself
round 488: bot 4288 (team B) died: hit another dragon
round 488: bot 4320 (team A) died: hit itself
round 488: bot 4341 (team B) died: hit another dragon
round 488: bot 4344 (team B) died: lost a head-to-head
round 488: bot 4392 (team B) died: lost a head-to-head
round 488: bot 4403 (team B) died: hit itself
round 488: bot 4408 (team A) died: hit another dragon
round 488: bot 4413 (team B) died: hit another dragon
round 488: bot 4430 (team A) died: hit another dragon
round 489: bot 4205 (team B) died: hit a wall
round 489: bot 4236 (team A) died: hit another dragon
round 489: bot 4333 (team B) died: hit another dragon
round 489: bot 4448 (team A) died: hit itself
round 490: bot 3560 (team A) died: hit another dragon
round 490: bot 3864 (team A) died: hit another dragon
round 490: bot 4089 (team B) died: hit another dragon
round 490: bot 4241 (team B) died: hit itself
round 490: bot 4343 (team B) died: hit another dragon
round 490: bot 4394 (team B) died: hit itself
round 490: bot 4423 (team A) died: hit another dragon
round 490: bot 4252 (team B) died: lost a head-to-head
round 490: bot 4454 (team A) died: lost a head-to-head
round 490: bot 4459 (team A) died: hit itself
round 491: bot 4217 (team B) died: hit itself
round 491: bot 4297 (team B) died: hit itself
round 491: bot 4357 (team B) died: hit itself
round 491: bot 4365 (team B) died: hit a wall
round 491: bot 4384 (team B) died: hit another dragon
round 491: bot 4405 (team A) died: hit itself
round 491: bot 4437 (team B) died: hit another dragon
round 491: bot 4452 (team B) died: hit another dragon
round 492: bot 4378 (team B) died: hit itself
round 492: bot 4395 (team A) died: hit itself
round 492: bot 4424 (team B) died: hit itself
round 492: bot 4468 (team B) died: hit another dragon
round 493: bot 4121 (team A) died: hit another dragon
round 493: bot 4399 (team B) died: hit another dragon
round 493: bot 4426 (team A) died: hit itself
round 493: bot 4376 (team B) died: lost a head-to-head
round 493: bot 4429 (team B) died: lost a head-to-head
round 493: bot 4436 (team B) died: hit another dragon
round 493: bot 4462 (team B) died: hit another dragon
round 493: bot 4469 (team B) died: hit another dragon
round 493: bot 4478 (team B) died: hit itself
round 494: bot 4306 (team B) died: hit another dragon
round 494: bot 4324 (team B) died: hit another dragon
round 494: bot 4370 (team B) died: hit itself
round 494: bot 4374 (team A) died: hit itself
round 494: bot 4402 (team B) died: hit itself
round 494: bot 4056 (team A) died: lost a head-to-head
round 494: bot 4447 (team A) died: lost a head-to-head
round 494: bot 4451 (team A) died: hit another dragon
round 494: bot 4461 (team A) died: hit another dragon
round 495: bot 3761 (team A) died: hit another dragon
round 495: bot 4173 (team B) died: hit another dragon
round 495: bot 4175 (team A) died: hit itself
round 495: bot 4315 (team B) died: hit itself
round 495: bot 4367 (team B) died: hit another dragon
round 495: bot 4435 (team A) died: hit itself
round 495: bot 4439 (team B) died: hit another dragon
round 495: bot 4443 (team B) died: hit itself
round 495: bot 4463 (team B) died: hit another dragon
round 495: bot 4475 (team A) died: hit another dragon
round 495: bot 4483 (team B) died: hit itself
round 496: bot 3719 (team A) died: hit another dragon
round 496: bot 4332 (team B) died: hit itself
round 496: bot 4381 (team B) died: hit itself
round 496: bot 4445 (team B) died: hit itself
round 496: bot 4474 (team B) died: hit another dragon
round 496: bot 4490 (team A) died: hit itself
round 497: bot 3674 (team A) died: hit another dragon
round 497: bot 4300 (team A) died: lost a head-to-head
round 497: bot 4371 (team A) died: lost a head-to-head
round 497: bot 4425 (team B) died: hit another dragon
round 497: bot 4446 (team B) died: hit another dragon
round 497: bot 4453 (team A) died: hit another dragon
round 497: bot 4470 (team A) died: hit itself
round 497: bot 4480 (team A) died: hit another dragon
round 498: bot 4225 (team A) died: hit another dragon
round 498: bot 4304 (team B) died: hit another dragon
round 498: bot 4373 (team A) died: hit another dragon
round 498: bot 4416 (team B) died: hit itself
round 498: bot 4422 (team A) died: hit another dragon
round 498: bot 4440 (team B) died: hit itself
round 498: bot 4455 (team B) died: hit another dragon
round 498: bot 4465 (team B) died: hit another dragon
round 499: bot 4082 (team B) died: hit itself
round 499: bot 4345 (team B) died: hit another dragon
round 499: bot 4389 (team B) died: hit another dragon
round 499: bot 4432 (team A) died: hit another dragon
round 499: bot 4337 (team A) died: lost a head-to-head
round 499: bot 4441 (team B) died: lost a head-to-head
team A wins after 500 rounds (on length) (6m20s)
wrote replay: C:\Users\ACER\OneDrive\Desktop\UNSW Battlecode\UNSWBC-\battlecode_data\training_loop\map-campaign-573-20260921\round1\before\mybot\help-A.replay
